{"type":"FeatureCollection","features":[{"type":"Feature","properties":{"NAME":"Kerala","ST_NM":"Kerala"},"geometry":{"type":"Polygon","coordinates":[[[76.408598,11.702606],[76.408704,11.703927],[76.409044,11.705109],[76.408886,11.705746],[76.408029,11.706825],[76.407551,11.707011],[76.407228,11.706693],[76.407116,11.706055],[76.406685,11.705458],[76.405243,11.705161],[76.403938,11.706848],[76.403154,11.707276],[76.40305,11.707645],[76.403309,11.708096],[76.403993,11.708688],[76.403897,11.709016],[76.403351,11.709283],[76.403252,11.711458],[76.403574,11.711631],[76.404066,11.71144],[76.404799,11.71077],[76.405328,11.71082],[76.405976,11.711274],[76.406412,11.711873],[76.406772,11.713221],[76.407961,11.714645],[76.409314,11.714688],[76.410755,11.715561],[76.411875,11.715381],[76.412681,11.714878],[76.412621,11.711566],[76.412763,11.711094],[76.413313,11.710698],[76.415487,11.712397],[76.415852,11.713016],[76.415779,11.714556],[76.417166,11.717651],[76.417811,11.718219],[76.419059,11.718192],[76.420062,11.71841],[76.42141,11.719568],[76.423993,11.720061],[76.424932,11.721032],[76.425003,11.722715],[76.425921,11.723577],[76.426085,11.724689],[76.427269,11.725609],[76.427397,11.726128],[76.426211,11.726664],[76.425315,11.730624],[76.423415,11.73453],[76.422278,11.737611],[76.418955,11.741257],[76.418289,11.742453],[76.417997,11.7426],[76.416013,11.741788],[76.413371,11.739651],[76.41282,11.739499],[76.411884,11.739996],[76.410262,11.741532],[76.410314,11.742054],[76.41054,11.742225],[76.411936,11.742543],[76.412375,11.744287],[76.412649,11.746066],[76.412045,11.748868],[76.412799,11.752907],[76.414638,11.753549],[76.415738,11.755001],[76.415237,11.756836],[76.414688,11.757652],[76.413399,11.758658],[76.411292,11.759131],[76.409577,11.758746],[76.408763,11.757711],[76.406221,11.756863],[76.405326,11.756905],[76.402351,11.753652],[76.400738,11.752196],[76.398572,11.751519],[76.396006,11.75259],[76.394266,11.75402],[76.393491,11.755405],[76.391022,11.75454],[76.386393,11.748398],[76.385369,11.747999],[76.383896,11.746612],[76.381026,11.746339],[76.379023,11.745119],[76.376515,11.744544],[76.368898,11.747742],[76.367002,11.748061],[76.365335,11.747696],[76.362384,11.748168],[76.359194,11.745154],[76.356615,11.743305],[76.354011,11.739503],[76.352742,11.738338],[76.351585,11.73801],[76.350318,11.739295],[76.348095,11.73945],[76.34359,11.739166],[76.341853,11.738247],[76.340341,11.738211],[76.33943,11.740489],[76.33707,11.741509],[76.335694,11.744061],[76.331611,11.746302],[76.330026,11.747696],[76.327178,11.748766],[76.322472,11.749373],[76.319939,11.750166],[76.317768,11.751286],[76.316613,11.752909],[76.316759,11.754558],[76.314681,11.75649],[76.31439,11.757574],[76.314335,11.761547],[76.311606,11.767744],[76.308385,11.778796],[76.308036,11.78299],[76.30751,11.784473],[76.30556,11.785912],[76.304112,11.786095],[76.30136,11.785593],[76.293687,11.79199],[76.290641,11.79253],[76.288074,11.795653],[76.285295,11.800109],[76.281322,11.810524],[76.280493,11.811535],[76.277866,11.812162],[76.276639,11.812135],[76.274248,11.810994],[76.272994,11.810752],[76.268161,11.809924],[76.260218,11.809287],[76.256924,11.808109],[76.248955,11.804112],[76.246296,11.803016],[76.244564,11.803034],[76.241394,11.804109],[76.23866,11.80338],[76.22667,11.806078],[76.221876,11.810141],[76.218051,11.814977],[76.218208,11.81965],[76.217023,11.821864],[76.216112,11.821631],[76.215752,11.821927],[76.215857,11.822784],[76.215648,11.823476],[76.214627,11.823358],[76.213633,11.82397],[76.213133,11.825067],[76.212212,11.826123],[76.211456,11.826374],[76.211146,11.826775],[76.211137,11.827773],[76.210417,11.827673],[76.210016,11.828101],[76.210062,11.82924],[76.210702,11.830847],[76.211123,11.832721],[76.210786,11.834142],[76.211502,11.836097],[76.212158,11.839363],[76.211711,11.84017],[76.211932,11.840685],[76.213023,11.84166],[76.213228,11.842757],[76.212823,11.843313],[76.21208,11.843295],[76.211953,11.843528],[76.212217,11.84407],[76.210672,11.844543],[76.210686,11.844931],[76.21112,11.845506],[76.21029,11.847482],[76.210335,11.848676],[76.209739,11.849628],[76.210021,11.850416],[76.209301,11.851491],[76.20945,11.852932],[76.208718,11.853943],[76.208827,11.855063],[76.208135,11.856175],[76.207697,11.860877],[76.20716,11.861861],[76.204819,11.862468],[76.203615,11.862344],[76.202328,11.862702],[76.201255,11.863765],[76.200398,11.865874],[76.195806,11.869011],[76.191874,11.871034],[76.189853,11.871851],[76.187923,11.872238],[76.186332,11.872211],[76.184673,11.87163],[76.181552,11.87105],[76.17945,11.870891],[76.176808,11.871255],[76.173702,11.872043],[76.170767,11.871048],[76.168673,11.869561],[76.166924,11.868647],[76.165208,11.868285],[76.163847,11.868372],[76.161755,11.869635],[76.159612,11.870565],[76.157678,11.870789],[76.156136,11.870541],[76.153094,11.868565],[76.149456,11.866588],[76.148937,11.866574],[76.146902,11.867211],[76.145903,11.86712],[76.14492,11.866386],[76.140683,11.861113],[76.138938,11.859619],[76.135686,11.858023],[76.133547,11.854842],[76.132274,11.853835],[76.130137,11.853158],[76.12818,11.852964],[76.126417,11.853025],[76.122903,11.851199],[76.120395,11.850516],[76.120131,11.850607],[76.119163,11.852752],[76.117434,11.854207],[76.116679,11.856089],[76.117835,11.857086],[76.116304,11.857742],[76.112789,11.858337],[76.113808,11.863069],[76.114864,11.866526],[76.113613,11.874891],[76.112441,11.880577],[76.111803,11.88763],[76.113388,11.894701],[76.113166,11.907769],[76.113279,11.918574],[76.112657,11.934025],[76.112433,11.958255],[76.112554,11.978683],[76.104386,11.975415],[76.093925,11.968599],[76.091629,11.96807],[76.08966,11.967341],[76.085104,11.967688],[76.081569,11.968526],[76.078557,11.968777],[76.074188,11.968271],[76.070598,11.967268],[76.068914,11.965466],[76.067992,11.963624],[76.061778,11.960161],[76.056675,11.956808],[76.051791,11.951578],[76.049622,11.951359],[76.048019,11.951924],[76.04472,11.95043],[76.04226,11.945946],[76.040292,11.945728],[76.038961,11.945017],[76.037704,11.943103],[76.033644,11.940088],[76.031854,11.939805],[76.027962,11.940955],[76.027261,11.94232],[76.026077,11.94345],[76.022068,11.943996],[76.020555,11.942593],[76.016181,11.940971],[76.012883,11.941737],[76.010696,11.940844],[76.009871,11.939852],[76.007689,11.939122],[76.006586,11.93821],[76.005074,11.934948],[76.003626,11.931214],[75.999749,11.931248],[75.998741,11.931358],[75.99721,11.931959],[75.994349,11.932133],[75.99126,11.933982],[75.987041,11.933663],[75.985465,11.933071],[75.978458,11.934374],[75.976389,11.934083],[75.971535,11.935938],[75.970829,11.936426],[75.967195,11.937272],[75.965375,11.938254],[75.962306,11.939194],[75.959359,11.940397],[75.957855,11.941245],[75.95645,11.941605],[75.953672,11.941649],[75.952889,11.941108],[75.951896,11.940825],[75.94796,11.941645],[75.945359,11.941422],[75.938303,11.941656],[75.936475,11.942766],[75.936352,11.94143],[75.934061,11.94096],[75.93068,11.940887],[75.927896,11.942773],[75.926284,11.943331],[75.91918,11.944764],[75.916739,11.945003],[75.913997,11.943765],[75.911086,11.944655],[75.909833,11.944282],[75.903488,11.944857],[75.901651,11.94552],[75.899738,11.945081],[75.895736,11.947498],[75.890461,11.951323],[75.884156,11.95146],[75.882096,11.950872],[75.880423,11.95062],[75.878019,11.950809],[75.875981,11.952006],[75.872784,11.953181],[75.869179,11.953412],[75.868063,11.954252],[75.867612,11.957044],[75.866196,11.958178],[75.864544,11.958828],[75.861411,11.959626],[75.858901,11.959815],[75.857849,11.96055],[75.855575,11.964601],[75.853257,11.966826],[75.852935,11.971486],[75.852356,11.972515],[75.850832,11.973312],[75.84991,11.974257],[75.849416,11.975202],[75.848172,11.976713],[75.848472,11.977783],[75.848665,11.979904],[75.84815,11.981058],[75.846756,11.982065],[75.845489,11.982674],[75.843794,11.9828],[75.841863,11.982632],[75.839245,11.983178],[75.836263,11.983031],[75.83298,11.983745],[75.831349,11.984605],[75.829418,11.986159],[75.82783,11.988677],[75.826006,11.992287],[75.824869,11.995058],[75.824439,11.996821],[75.825534,12.00041],[75.825705,12.001733],[75.825491,12.00295],[75.82474,12.003768],[75.823774,12.004104],[75.820835,12.003685],[75.820169,12.004713],[75.821264,12.006896],[75.822401,12.008239],[75.823109,12.011681],[75.82298,12.012961],[75.822573,12.014053],[75.821393,12.015878],[75.818839,12.018397],[75.812284,12.022007],[75.81075,12.02356],[75.810342,12.025008],[75.810385,12.029751],[75.809956,12.030611],[75.808818,12.031724],[75.802102,12.036299],[75.801501,12.037054],[75.801051,12.037914],[75.800858,12.045343],[75.799699,12.048491],[75.798132,12.052184],[75.794399,12.055983],[75.794506,12.056717],[75.795343,12.0572],[75.797424,12.057137],[75.797961,12.057305],[75.798454,12.059508],[75.798733,12.064041],[75.799742,12.065824],[75.801029,12.06893],[75.801458,12.071259],[75.80354,12.074616],[75.804183,12.07598],[75.803905,12.07705],[75.803111,12.07833],[75.798669,12.07919],[75.79751,12.080156],[75.796544,12.08068],[75.796051,12.081415],[75.794828,12.082317],[75.793884,12.082401],[75.791867,12.081603],[75.790729,12.081771],[75.78824,12.08259],[75.787575,12.08324],[75.786481,12.083765],[75.785086,12.0841],[75.783734,12.083765],[75.782189,12.082904],[75.781352,12.082736],[75.779078,12.083303],[75.775087,12.082212],[75.772877,12.083492],[75.771482,12.083513],[75.769701,12.084373],[75.768886,12.084373],[75.767062,12.083953],[75.764959,12.083009],[75.762813,12.083387],[75.756269,12.083953],[75.752471,12.083261],[75.751226,12.082778],[75.750389,12.081624],[75.750368,12.080754],[75.750089,12.08025],[75.748619,12.079012],[75.746656,12.078005],[75.745604,12.077953],[75.745025,12.078288],[75.744016,12.07982],[75.743104,12.080481],[75.7426,12.080324],[75.740486,12.078834],[75.73966,12.078729],[75.737761,12.07919],[75.736066,12.079096],[75.728202,12.072927],[75.72641,12.072004],[75.725498,12.07192],[75.724747,12.07257],[75.72361,12.072864],[75.722473,12.072539],[75.721035,12.071825],[75.719372,12.070147],[75.718557,12.069937],[75.717452,12.070441],[75.715563,12.070315],[75.71449,12.07086],[75.714147,12.071909],[75.714898,12.075078],[75.714705,12.07619],[75.714984,12.076987],[75.716143,12.078855],[75.716314,12.079967],[75.715392,12.082044],[75.717173,12.083156],[75.717602,12.083828],[75.717988,12.084751],[75.718052,12.085632],[75.717838,12.086513],[75.715971,12.087877],[75.71346,12.090584],[75.709705,12.091528],[75.708096,12.092136],[75.706851,12.092304],[75.703483,12.092136],[75.702174,12.092556],[75.702045,12.093773],[75.702775,12.096899],[75.702324,12.099753],[75.702453,12.101452],[75.703289,12.103823],[75.703375,12.10527],[75.703139,12.107767],[75.702539,12.108606],[75.701487,12.109362],[75.698226,12.109844],[75.69638,12.109676],[75.694878,12.10997],[75.69211,12.110872],[75.690801,12.110914],[75.689235,12.110684],[75.687325,12.109949],[75.686252,12.109299],[75.685351,12.106487],[75.684621,12.105166],[75.683634,12.104347],[75.680705,12.102564],[75.679514,12.101546],[75.677047,12.098357],[75.675851,12.097433],[75.673742,12.097812],[75.667546,12.097513],[75.666559,12.09777],[75.665513,12.09842],[75.664001,12.098929],[75.661935,12.099144],[75.660916,12.099538],[75.660229,12.10002],[75.659977,12.100865],[75.658996,12.102501],[75.657799,12.103776],[75.657284,12.104264],[75.655482,12.105187],[75.654978,12.106729],[75.653379,12.108407],[75.65325,12.109561],[75.651716,12.11189],[75.650396,12.112184],[75.649002,12.111879],[75.648508,12.114019],[75.647478,12.115761],[75.647714,12.119726],[75.647414,12.122285],[75.645461,12.124383],[75.645139,12.125579],[75.64485,12.127928],[75.644753,12.132932],[75.64441,12.134642],[75.643272,12.135554],[75.642704,12.138355],[75.642371,12.138879],[75.641019,12.138932],[75.639668,12.138533],[75.638884,12.138575],[75.638348,12.13869],[75.637736,12.139572],[75.637886,12.140956],[75.639056,12.143117],[75.639292,12.144008],[75.638874,12.14597],[75.638101,12.147144],[75.635987,12.148497],[75.635247,12.14877],[75.632908,12.148487],[75.630612,12.148749],[75.62587,12.151843],[75.624207,12.152724],[75.6213,12.155179],[75.619851,12.156102],[75.618274,12.156437],[75.615828,12.155588],[75.612384,12.15264],[75.611032,12.152137],[75.610099,12.15221],[75.609337,12.152504],[75.60806,12.153794],[75.606869,12.154644],[75.605947,12.155021],[75.605228,12.154979],[75.600357,12.153469],[75.596141,12.153637],[75.595551,12.153479],[75.594252,12.151801],[75.593995,12.150941],[75.593769,12.148602],[75.593469,12.147721],[75.593351,12.147559],[75.591618,12.14791],[75.591217,12.148386],[75.590787,12.149945],[75.58995,12.151717],[75.587976,12.154654],[75.585465,12.155304],[75.583759,12.156217],[75.58288,12.156836],[75.582129,12.158398],[75.580637,12.158535],[75.578384,12.157906],[75.577708,12.157884],[75.577108,12.158136],[75.576603,12.158755],[75.575895,12.161671],[75.574994,12.163768],[75.572065,12.167229],[75.5714,12.169379],[75.569372,12.172326],[75.56669,12.173176],[75.563471,12.173805],[75.560607,12.175389],[75.559459,12.177098],[75.558643,12.180423],[75.558279,12.181094],[75.557667,12.181608],[75.555779,12.181933],[75.555199,12.182206],[75.553494,12.189515],[75.552453,12.192126],[75.552045,12.192703],[75.551401,12.192986],[75.548655,12.19307],[75.547904,12.193542],[75.546531,12.195954],[75.547228,12.197349],[75.547024,12.197695],[75.544846,12.198471],[75.544041,12.197894],[75.543076,12.197517],[75.541724,12.19717],[75.541359,12.197359],[75.540286,12.198995],[75.540984,12.201826],[75.540844,12.20233],[75.540501,12.202728],[75.539482,12.203242],[75.537186,12.202382],[75.53592,12.202246],[75.53534,12.202414],[75.534579,12.203253],[75.53371,12.203536],[75.533473,12.203127],[75.533409,12.201596],[75.532658,12.201113],[75.53225,12.20147],[75.531864,12.202057],[75.531971,12.205937],[75.534825,12.206545],[75.535533,12.20686],[75.53652,12.207699],[75.537872,12.210698],[75.539246,12.213026],[75.539675,12.214305],[75.539739,12.2155],[75.53931,12.216507],[75.537679,12.217954],[75.528023,12.223302],[75.5268,12.224539],[75.526349,12.225923],[75.5265,12.226783],[75.527165,12.227832],[75.52753,12.228859],[75.527701,12.229845],[75.527637,12.230956],[75.527208,12.23169],[75.524311,12.234605],[75.520985,12.235947],[75.520406,12.238023],[75.520148,12.241441],[75.518796,12.243412],[75.518668,12.244524],[75.51899,12.24553],[75.518796,12.246621],[75.517209,12.248571],[75.515814,12.251381],[75.514762,12.252345],[75.513003,12.253121],[75.511715,12.253981],[75.511544,12.256099],[75.511776,12.260411],[75.506165,12.264353],[75.505911,12.266367],[75.506922,12.26816],[75.504501,12.271302],[75.498505,12.269941],[75.497629,12.270451],[75.497099,12.272284],[75.495582,12.27235],[75.493899,12.27287],[75.493242,12.273642],[75.491357,12.278236],[75.489753,12.279742],[75.488618,12.282575],[75.486904,12.284384],[75.486682,12.286035],[75.486828,12.287179],[75.485982,12.287544],[75.484858,12.289996],[75.482991,12.291164],[75.48116,12.291078],[75.478285,12.292778],[75.476495,12.294075],[75.476064,12.294855],[75.475988,12.295598],[75.47403,12.295769],[75.472576,12.296114],[75.47035,12.296242],[75.469098,12.296826],[75.466989,12.297076],[75.464576,12.295977],[75.459359,12.292687],[75.455883,12.291485],[75.448329,12.293913],[75.441213,12.294034],[75.438111,12.292852],[75.436584,12.294307],[75.435806,12.294575],[75.434177,12.294349],[75.432796,12.293499],[75.430664,12.293537],[75.42932,12.293866],[75.427936,12.293869],[75.425453,12.292006],[75.421739,12.290804],[75.420113,12.288976],[75.41786,12.288116],[75.415508,12.28825],[75.414151,12.289631],[75.414033,12.290763],[75.413117,12.291334],[75.413166,12.293071],[75.414075,12.293352],[75.415106,12.292767],[75.415636,12.292768],[75.416797,12.294303],[75.418053,12.294589],[75.419761,12.296265],[75.420697,12.297482],[75.421084,12.298735],[75.421502,12.29927],[75.422082,12.299535],[75.42339,12.299595],[75.424531,12.300022],[75.424726,12.300479],[75.424469,12.300957],[75.423304,12.301749],[75.423058,12.302241],[75.423401,12.302729],[75.425681,12.303698],[75.427916,12.304143],[75.428234,12.3045],[75.428197,12.305166],[75.427376,12.305889],[75.427188,12.306581],[75.427782,12.307374],[75.429145,12.308052],[75.430423,12.308374],[75.431995,12.308436],[75.432322,12.309644],[75.432311,12.310315],[75.43177,12.310782],[75.430013,12.311187],[75.428942,12.31068],[75.428427,12.310713],[75.427471,12.31105],[75.425988,12.311917],[75.42405,12.313536],[75.423245,12.315454],[75.42214,12.316922],[75.421819,12.317676],[75.420874,12.3184],[75.419791,12.32145],[75.419308,12.324458],[75.417892,12.328022],[75.415778,12.3295],[75.415392,12.331533],[75.415049,12.338985],[75.414555,12.340222],[75.412635,12.343481],[75.410457,12.346133],[75.409985,12.347485],[75.410124,12.348533],[75.410661,12.349235],[75.411572,12.34955],[75.412678,12.349539],[75.414738,12.349906],[75.416025,12.350713],[75.418943,12.355471],[75.420381,12.358846],[75.420692,12.360387],[75.420767,12.362179],[75.420434,12.364138],[75.421679,12.367922],[75.421958,12.370248],[75.421776,12.371558],[75.420681,12.373623],[75.419308,12.37532],[75.416111,12.377416],[75.414845,12.379135],[75.413418,12.379523],[75.408461,12.379386],[75.405124,12.379544],[75.403783,12.380172],[75.403032,12.380927],[75.401906,12.381671],[75.400275,12.380937],[75.399363,12.380791],[75.398494,12.381011],[75.396477,12.382886],[75.395254,12.384909],[75.394589,12.387099],[75.39343,12.388493],[75.392765,12.388954],[75.388527,12.391154],[75.386563,12.391175],[75.384772,12.390578],[75.380083,12.391291],[75.379418,12.391856],[75.378903,12.392663],[75.379171,12.395011],[75.377814,12.395713],[75.378002,12.396761],[75.377133,12.397997],[75.375888,12.399087],[75.372584,12.399632],[75.371565,12.400082],[75.371093,12.40135],[75.371457,12.404965],[75.371296,12.407071],[75.370706,12.408056],[75.36708,12.410938],[75.366039,12.412153],[75.366812,12.413735],[75.366715,12.416208],[75.366479,12.417109],[75.366994,12.417864],[75.367434,12.420714],[75.369569,12.426099],[75.368646,12.429169],[75.368539,12.431097],[75.370459,12.434638],[75.370996,12.436639],[75.370975,12.437834],[75.370621,12.438861],[75.368711,12.441302],[75.36855,12.442538],[75.368818,12.443743],[75.369505,12.44479],[75.369827,12.447064],[75.369644,12.450375],[75.368367,12.452145],[75.366427,12.453624],[75.367188,12.4547],[75.36695,12.455577],[75.365438,12.457823],[75.365825,12.458378],[75.366844,12.45841],[75.368046,12.458022],[75.369741,12.4571],[75.371232,12.45687],[75.371929,12.457278],[75.373313,12.459478],[75.37385,12.459939],[75.375019,12.459782],[75.37739,12.458452],[75.380008,12.457268],[75.38107,12.457111],[75.385308,12.457886],[75.388505,12.456545],[75.390115,12.45512],[75.392239,12.452522],[75.393333,12.451831],[75.39475,12.451894],[75.397024,12.453004],[75.39829,12.454178],[75.399964,12.455016],[75.405843,12.455539],[75.411079,12.457551],[75.413783,12.459248],[75.41492,12.460547],[75.415478,12.462747],[75.415392,12.46524],[75.416057,12.466141],[75.417516,12.466435],[75.421271,12.466539],[75.423675,12.467336],[75.424404,12.468593],[75.424747,12.473977],[75.423031,12.476261],[75.421615,12.477057],[75.42037,12.478502],[75.420306,12.480304],[75.420606,12.482818],[75.420542,12.48726],[75.419769,12.488894],[75.418932,12.48946],[75.416658,12.493775],[75.417881,12.495137],[75.417666,12.497106],[75.416128,12.500029],[75.413289,12.500479],[75.412066,12.500961],[75.4108,12.501065],[75.410049,12.500605],[75.408976,12.499033],[75.407131,12.498531],[75.405199,12.4983],[75.404127,12.497693],[75.402668,12.497567],[75.401187,12.498363],[75.400715,12.498866],[75.399127,12.500751],[75.39859,12.502762],[75.397518,12.503391],[75.395951,12.503077],[75.391939,12.500605],[75.390759,12.500081],[75.389535,12.50006],[75.388784,12.500269],[75.386338,12.501401],[75.385351,12.501422],[75.384622,12.501128],[75.383141,12.501212],[75.382132,12.500814],[75.381639,12.499976],[75.379794,12.498237],[75.378699,12.496624],[75.375931,12.494571],[75.373142,12.493126],[75.37003,12.492434],[75.36752,12.492099],[75.367477,12.48858],[75.367649,12.48814],[75.368743,12.488244],[75.369623,12.487679],[75.370288,12.486945],[75.370867,12.484955],[75.371275,12.48131],[75.371253,12.476303],[75.369837,12.47471],[75.367198,12.474585],[75.366361,12.47383],[75.36488,12.471044],[75.363185,12.469053],[75.360761,12.467147],[75.359559,12.464612],[75.358379,12.463962],[75.354624,12.465031],[75.353208,12.465157],[75.351877,12.465031],[75.349023,12.463732],[75.347307,12.463208],[75.345762,12.463103],[75.344324,12.462726],[75.340161,12.463187],[75.336792,12.463836],[75.336535,12.464423],[75.336921,12.465911],[75.338917,12.468236],[75.33941,12.469263],[75.339646,12.47029],[75.338788,12.471714],[75.337071,12.472343],[75.336771,12.474166],[75.336063,12.476219],[75.334647,12.47888],[75.335634,12.482253],[75.336256,12.487867],[75.33617,12.489334],[75.333831,12.490088],[75.333166,12.491764],[75.333037,12.496666],[75.33263,12.497756],[75.332007,12.498677],[75.325077,12.497797],[75.323789,12.497881],[75.321901,12.497336],[75.314412,12.497378],[75.312824,12.501715],[75.309713,12.501568],[75.307095,12.50117],[75.305915,12.501422],[75.304606,12.502364],[75.303361,12.504606],[75.303082,12.506051],[75.303597,12.508733],[75.303168,12.511624],[75.302439,12.513656],[75.302439,12.521532],[75.301087,12.521699],[75.296881,12.521343],[75.296173,12.521553],[75.295486,12.523941],[75.293856,12.524213],[75.290959,12.525093],[75.289521,12.525114],[75.28626,12.524423],[75.285122,12.524401],[75.283406,12.524988],[75.280144,12.524192],[75.279586,12.524904],[75.279136,12.527229],[75.27817,12.530183],[75.27463,12.533388],[75.273256,12.535755],[75.272977,12.537409],[75.27375,12.540195],[75.272484,12.54252],[75.272119,12.544091],[75.27096,12.545871],[75.270252,12.546437],[75.269995,12.54761],[75.270016,12.550752],[75.270746,12.553935],[75.270724,12.555359],[75.26948,12.558606],[75.26948,12.560302],[75.270081,12.562774],[75.271196,12.564721],[75.27154,12.567758],[75.272484,12.569539],[75.274222,12.571507],[75.276454,12.572659],[75.277998,12.572429],[75.279543,12.571863],[75.281303,12.571612],[75.283299,12.571528],[75.284178,12.572094],[75.285187,12.574209],[75.288384,12.579528],[75.289607,12.58246],[75.299606,12.57957],[75.304863,12.579738],[75.30967,12.577853],[75.310185,12.577308],[75.310571,12.575738],[75.311086,12.574795],[75.312717,12.573434],[75.314326,12.573874],[75.315292,12.574251],[75.316086,12.575361],[75.317759,12.57867],[75.325506,12.583068],[75.326257,12.584429],[75.326514,12.585916],[75.326106,12.588261],[75.327351,12.59113],[75.327115,12.592073],[75.325999,12.592408],[75.323789,12.592617],[75.311065,12.59157],[75.308704,12.59335],[75.30628,12.596449],[75.305657,12.598941],[75.304434,12.601789],[75.301709,12.60537],[75.300293,12.606145],[75.298984,12.60625],[75.296774,12.605077],[75.293169,12.603841],[75.290916,12.603444],[75.29053,12.604072],[75.290358,12.60604],[75.289307,12.608553],[75.289092,12.609851],[75.288663,12.610794],[75.285423,12.611987],[75.284715,12.612553],[75.281088,12.617348],[75.279822,12.61785],[75.274951,12.619044],[75.273857,12.618897],[75.273192,12.618751],[75.271389,12.617285],[75.270488,12.616154],[75.269372,12.615673],[75.268257,12.615735],[75.26654,12.615463],[75.265875,12.615044],[75.264695,12.612992],[75.26433,12.610982],[75.265167,12.606689],[75.265167,12.605705],[75.264158,12.604742],[75.263472,12.603737],[75.262849,12.601726],[75.261015,12.59791],[75.260296,12.596931],[75.258386,12.595947],[75.256906,12.594711],[75.256026,12.593622],[75.254009,12.589581],[75.25197,12.587926],[75.250039,12.584743],[75.248194,12.583151],[75.244117,12.580764],[75.24122,12.579277],[75.238731,12.578481],[75.238087,12.577895],[75.237272,12.576638],[75.237025,12.573759],[75.237336,12.572471],[75.237411,12.570481],[75.237272,12.569559],[75.236885,12.568983],[75.235748,12.568743],[75.232197,12.568544],[75.229461,12.5678],[75.227519,12.568439],[75.226554,12.569172],[75.225245,12.569832],[75.224215,12.569957],[75.221629,12.569151],[75.220149,12.569298],[75.219355,12.569999],[75.219011,12.571811],[75.217627,12.574764],[75.217445,12.575612],[75.216222,12.57757],[75.215481,12.578324],[75.214183,12.578848],[75.212413,12.579078],[75.212048,12.579528],[75.211168,12.581989],[75.21002,12.586816],[75.209709,12.590073],[75.209034,12.591497],[75.207574,12.59201],[75.205686,12.591863],[75.204066,12.591214],[75.201759,12.58978],[75.200493,12.589549],[75.200322,12.590471],[75.200547,12.592052],[75.201352,12.594345],[75.202596,12.595591],[75.206072,12.596784],[75.207038,12.597413],[75.207295,12.599025],[75.209012,12.601789],[75.208497,12.60269],[75.206909,12.603255],[75.206566,12.603988],[75.206437,12.607003],[75.205965,12.608553],[75.204956,12.609663],[75.203712,12.609977],[75.201824,12.609956],[75.199893,12.610542],[75.199184,12.610961],[75.198798,12.611987],[75.198433,12.615442],[75.198777,12.619128],[75.19927,12.621389],[75.200987,12.625891],[75.200923,12.627964],[75.200558,12.628864],[75.196116,12.628592],[75.190344,12.631126],[75.187984,12.631586],[75.186438,12.631482],[75.185237,12.630916],[75.184293,12.631461],[75.183198,12.631607],[75.180903,12.630372],[75.17586,12.626163],[75.173693,12.623546],[75.17086,12.621745],[75.169165,12.621138],[75.16747,12.621305],[75.165238,12.622625],[75.164466,12.622855],[75.163801,12.622583],[75.163157,12.621808],[75.162642,12.621494],[75.161676,12.621515],[75.158586,12.622248],[75.154252,12.62409],[75.152643,12.626875],[75.149038,12.631502],[75.148183,12.634917],[75.146495,12.636946],[75.145626,12.639098],[75.144827,12.639553],[75.14348,12.639867],[75.140798,12.642495],[75.140401,12.643175],[75.14039,12.643636],[75.143266,12.646264],[75.149735,12.649299],[75.150433,12.650304],[75.150218,12.652775],[75.151227,12.657067],[75.15305,12.659161],[75.154778,12.660511],[75.155636,12.662416],[75.158511,12.665494],[75.161387,12.671523],[75.161526,12.672852],[75.154917,12.672769],[75.153115,12.672957],[75.149199,12.674035],[75.148222,12.675187],[75.148448,12.676087],[75.149424,12.678881],[75.152021,12.68253],[75.151721,12.682814],[75.151222,12.683095],[75.150215,12.683223],[75.148142,12.682612],[75.145441,12.681367],[75.14453,12.679737],[75.144295,12.678845],[75.143798,12.678379],[75.142695,12.677966],[75.141397,12.677758],[75.140872,12.678211],[75.141197,12.679069],[75.140948,12.679621],[75.140587,12.679994],[75.139513,12.679932],[75.13896,12.679587],[75.138352,12.67859],[75.13756,12.676628],[75.137198,12.676294],[75.136566,12.676354],[75.134468,12.677524],[75.133409,12.677756],[75.133153,12.677324],[75.133133,12.675984],[75.132935,12.675501],[75.131089,12.676345],[75.128535,12.676841],[75.12773,12.677407],[75.125614,12.68012],[75.124576,12.681803],[75.123803,12.681321],[75.122162,12.679228],[75.121518,12.678977],[75.119394,12.680463],[75.11816,12.680787],[75.116089,12.681834],[75.11492,12.682159],[75.112763,12.683321],[75.112232,12.683912],[75.112023,12.685937],[75.111551,12.686775],[75.109529,12.689083],[75.109502,12.689936],[75.109802,12.691155],[75.109596,12.69155],[75.108348,12.691453],[75.107576,12.691841],[75.107302,12.692531],[75.107495,12.692908],[75.107504,12.694658],[75.106144,12.69653],[75.104813,12.697199],[75.101573,12.699586],[75.098977,12.699921],[75.096638,12.70057],[75.092132,12.700465],[75.090587,12.700779],[75.088806,12.701595],[75.086811,12.703478],[75.085767,12.703596],[75.085115,12.702222],[75.084171,12.701155],[75.081081,12.700904],[75.080459,12.699585],[75.081189,12.698287],[75.083214,12.69694],[75.084214,12.696488],[75.084557,12.695043],[75.083901,12.693591],[75.08327,12.692971],[75.08357,12.691715],[75.084128,12.69138],[75.084115,12.690409],[75.084428,12.688701],[75.085716,12.685309],[75.08533,12.684598],[75.085403,12.683197],[75.087003,12.67681],[75.086488,12.674549],[75.085802,12.674005],[75.084943,12.673942],[75.084707,12.674361],[75.084085,12.6748],[75.083313,12.674654],[75.081038,12.672728],[75.078313,12.671409],[75.077476,12.671472],[75.075502,12.672183],[75.074481,12.672175],[75.073386,12.671777],[75.071648,12.669474],[75.069666,12.66494],[75.068464,12.663621],[75.067112,12.663642],[75.065503,12.66427],[75.064215,12.665254],[75.062799,12.667975],[75.060675,12.668415],[75.059216,12.669922],[75.058452,12.669998],[75.058151,12.669768],[75.058357,12.669043],[75.059203,12.667548],[75.059353,12.66669],[75.058894,12.665861],[75.058357,12.665819],[75.057413,12.666217],[75.056984,12.66674],[75.056662,12.667599],[75.055396,12.668917],[75.054044,12.669504],[75.053165,12.669692],[75.049587,12.668891],[75.047071,12.668781],[75.043358,12.671472],[75.042371,12.672743],[75.0422,12.673335],[75.042554,12.673863],[75.043273,12.675899],[75.043208,12.677647],[75.042792,12.678676],[75.042704,12.679708],[75.042994,12.680682],[75.043638,12.681509],[75.043612,12.682314],[75.042576,12.684712],[75.043144,12.686292],[75.042694,12.68782],[75.042093,12.689034],[75.042758,12.690898],[75.04467,12.692559],[75.046577,12.693692],[75.049281,12.69409],[75.051229,12.693591],[75.052725,12.692928],[75.054711,12.691383],[75.055203,12.69184],[75.055666,12.693012],[75.056866,12.694781],[75.056652,12.69567],[75.055075,12.697376],[75.053176,12.700893],[75.052175,12.703479],[75.051963,12.704671],[75.05236,12.70553],[75.05339,12.706189],[75.055086,12.706218],[75.055954,12.706597],[75.056652,12.707801],[75.056598,12.708879],[75.054721,12.711244],[75.052682,12.716299],[75.05236,12.717565],[75.053154,12.719868],[75.052693,12.72037],[75.050139,12.721418],[75.049109,12.721626],[75.046835,12.721249],[75.046084,12.721533],[75.045601,12.722264],[75.044625,12.722924],[75.043818,12.72278],[75.042916,12.7221],[75.042307,12.721971],[75.040569,12.723605],[75.037595,12.723576],[75.035387,12.724023],[75.03454,12.723824],[75.030999,12.72035],[75.029615,12.719669],[75.027802,12.719346],[75.024862,12.719397],[75.022008,12.719869],[75.019498,12.720736],[75.018897,12.720642],[75.018286,12.720245],[75.01761,12.719177],[75.016859,12.71744],[75.016322,12.715577],[75.015614,12.714939],[75.014627,12.714698],[75.011902,12.714521],[75.009681,12.714719],[75.005078,12.715839],[75.002096,12.716027],[75.001441,12.716487],[75.000937,12.717649],[75.001012,12.719104],[75.001374,12.72007],[75.004016,12.720255],[75.005786,12.720873],[75.006996,12.721849],[75.010132,12.725404],[75.013425,12.728115],[75.013458,12.728638],[75.012824,12.729109],[75.010486,12.729663],[75.000476,12.733033],[74.996442,12.735524],[74.995326,12.737439],[74.994371,12.738318],[74.993223,12.740139],[74.992772,12.740327],[74.99215,12.740285],[74.991066,12.739344],[74.991034,12.73881],[74.991903,12.737586],[74.991957,12.737062],[74.991409,12.736267],[74.990315,12.73611],[74.989661,12.736424],[74.989114,12.737115],[74.988653,12.737387],[74.988373,12.736926],[74.988202,12.735786],[74.987655,12.734938],[74.987172,12.734341],[74.986217,12.734039],[74.985444,12.734153],[74.984715,12.734613],[74.984112,12.735673],[74.983672,12.738499],[74.984573,12.739535],[74.985013,12.740989],[74.984315,12.742193],[74.984348,12.743668],[74.984616,12.744035],[74.985882,12.744213],[74.986172,12.743773],[74.986311,12.742999],[74.986815,12.742277],[74.98747,12.742444],[74.989189,12.742378],[74.989744,12.742737],[74.989766,12.743679],[74.990538,12.74416],[74.991214,12.746473],[74.991997,12.746892],[74.992351,12.747404],[74.993371,12.749811],[74.993854,12.750533],[74.996386,12.751935],[74.997147,12.752657],[74.998306,12.754729],[74.998231,12.755493],[74.998671,12.756948],[74.999229,12.757471],[75.001074,12.758193],[75.003735,12.760055],[75.004303,12.760861],[75.004625,12.761719],[75.004754,12.76399],[75.00528,12.764848],[75.006621,12.766229],[75.00779,12.766825],[75.008445,12.766742],[75.009088,12.766993],[75.010934,12.768479],[75.008007,12.770967],[75.006408,12.773363],[75.005657,12.775749],[75.00511,12.779997],[75.00511,12.783209],[75.005732,12.785783],[75.006011,12.787917],[75.007481,12.791014],[75.007234,12.791642],[75.006599,12.792261],[75.005754,12.792624],[75.005003,12.792573],[75.00172,12.791275],[75.001559,12.79095],[75.002889,12.789549],[75.00333,12.788785],[75.003394,12.787864],[75.002911,12.787299],[75.001655,12.786682],[75.000915,12.786798],[74.999754,12.788536],[74.999199,12.789026],[74.997858,12.789548],[74.997,12.790396],[74.996227,12.791987],[74.994272,12.794992],[74.993577,12.79569],[74.992697,12.796056],[74.991354,12.796049],[74.99024,12.795376],[74.98965,12.794467],[74.989757,12.793671],[74.990336,12.792343],[74.991654,12.790796],[74.992375,12.789371],[74.992545,12.788254],[74.992171,12.787038],[74.988832,12.783295],[74.987301,12.782067],[74.986507,12.781827],[74.986067,12.781921],[74.984726,12.783124],[74.983674,12.783281],[74.982848,12.782946],[74.98273,12.78235],[74.98305,12.780982],[74.982923,12.780446],[74.982398,12.780017],[74.975938,12.779044],[74.973814,12.778354],[74.971228,12.778155],[74.967903,12.77739],[74.967281,12.777537],[74.966894,12.778186],[74.967366,12.780855],[74.967321,12.781453],[74.966487,12.78191],[74.965167,12.782025],[74.964781,12.781765],[74.964244,12.779829],[74.963214,12.779514],[74.960925,12.779928],[74.959974,12.780404],[74.959148,12.781691],[74.958455,12.784203],[74.957431,12.785112],[74.956348,12.785499],[74.954747,12.785387],[74.952496,12.784767],[74.946475,12.782531],[74.94376,12.781945],[74.94107,12.780792],[74.939868,12.780593],[74.936542,12.780886],[74.933783,12.780407],[74.92988,12.778657],[74.926843,12.777737],[74.923837,12.776562],[74.920519,12.774561],[74.916029,12.7725],[74.912794,12.771684],[74.910069,12.770622],[74.903407,12.767497],[74.902301,12.766147],[74.901357,12.764609],[74.899995,12.763636],[74.899316,12.763552],[74.89565,12.764023],[74.894523,12.763751],[74.890081,12.760795],[74.887791,12.758446],[74.885511,12.75696],[74.884443,12.755705],[74.88388,12.755427],[74.881949,12.755281],[74.87947,12.75561],[74.875533,12.756788],[74.874535,12.757996],[74.874283,12.759482],[74.874557,12.761303],[74.874224,12.761549],[74.869571,12.760838],[74.865407,12.759945],[74.864068,12.760063],[74.869249,12.746015],[74.870482,12.742177],[74.872172,12.738886],[74.873454,12.737248],[74.874632,12.734569],[74.875689,12.731749],[74.876539,12.72879],[74.877494,12.726752],[74.879229,12.722134],[74.881327,12.715553],[74.883486,12.710791],[74.884132,12.709774],[74.884475,12.709392],[74.886243,12.708388],[74.886924,12.707521],[74.888078,12.705407],[74.888306,12.704397],[74.888646,12.704303],[74.889464,12.702931],[74.893203,12.693742],[74.899987,12.679606],[74.905287,12.666315],[74.906762,12.663348],[74.914401,12.646088],[74.917461,12.639726],[74.920964,12.630309],[74.92385,12.623656],[74.930116,12.607674],[74.931498,12.604765],[74.933345,12.601512],[74.945351,12.57295],[74.94766,12.566693],[74.95064,12.559967],[74.953923,12.550592],[74.956571,12.544251],[74.960052,12.534731],[74.968243,12.515551],[74.972305,12.50511],[74.975773,12.497208],[74.982933,12.477874],[74.982827,12.476235],[74.981902,12.475743],[74.980629,12.472864],[74.981288,12.473813],[74.982095,12.475582],[74.982912,12.475326],[74.98387,12.474625],[74.983842,12.474406],[74.983214,12.47446],[74.983261,12.474193],[74.98778,12.47424],[74.987814,12.473297],[74.984572,12.473422],[74.984449,12.47313],[74.987819,12.473104],[74.9892,12.471515],[74.991844,12.465418],[74.998311,12.45165],[74.998515,12.450369],[74.998193,12.450071],[74.998198,12.449827],[74.998464,12.449602],[74.998708,12.449811],[74.99907,12.449771],[74.999534,12.449327],[75.000859,12.446888],[75.001983,12.445443],[75.002922,12.443816],[75.013533,12.420397],[75.014512,12.419064],[75.014552,12.418304],[75.015043,12.417125],[75.016295,12.417272],[75.018192,12.416486],[75.020437,12.413662],[75.030396,12.393892],[75.030575,12.392938],[75.030345,12.392498],[75.030841,12.392268],[75.031161,12.391145],[75.03326,12.389983],[75.033534,12.390076],[75.033479,12.3903],[75.035119,12.391046],[75.035187,12.391561],[75.035419,12.3917],[75.036525,12.391512],[75.038188,12.390302],[75.039609,12.3885],[75.041878,12.384356],[75.054343,12.358746],[75.06936,12.325378],[75.080459,12.29873],[75.087181,12.28365],[75.089627,12.277342],[75.095281,12.264334],[75.108966,12.230154],[75.115588,12.211044],[75.119318,12.200999],[75.120755,12.198678],[75.120077,12.197845],[75.121813,12.19619],[75.123147,12.193613],[75.142397,12.144323],[75.145141,12.137982],[75.172368,12.069953],[75.178617,12.055309],[75.186331,12.038245],[75.195024,12.021256],[75.198125,12.014659],[75.200893,12.009758],[75.201062,12.009134],[75.200978,12.008612],[75.200365,12.008448],[75.200196,12.008126],[75.200485,12.007239],[75.201472,12.006148],[75.201259,12.005934],[75.202345,12.005185],[75.203921,12.005188],[75.204686,12.005935],[75.20686,12.007248],[75.207207,12.008517],[75.20694,12.009342],[75.207055,12.009642],[75.207468,12.009952],[75.20983,12.010792],[75.212341,12.010729],[75.215092,12.009819],[75.215248,12.009871],[75.215036,12.010207],[75.21535,12.010448],[75.216023,12.010566],[75.216617,12.010273],[75.216846,12.010762],[75.217287,12.010912],[75.21731,12.011604],[75.217529,12.011865],[75.218209,12.012084],[75.218855,12.011956],[75.219879,12.012798],[75.220465,12.012725],[75.220776,12.013481],[75.220693,12.014053],[75.221274,12.014469],[75.221453,12.015027],[75.221798,12.015232],[75.222046,12.016467],[75.222702,12.017846],[75.22385,12.019478],[75.225974,12.020698],[75.228528,12.020876],[75.229341,12.021328],[75.230985,12.021115],[75.233332,12.020271],[75.234221,12.019769],[75.240265,12.015789],[75.245061,12.01208],[75.249924,12.007316],[75.251498,12.005471],[75.26867,11.983747],[75.269327,11.982567],[75.274098,11.976159],[75.279267,11.968143],[75.285139,11.959988],[75.290669,11.95104],[75.294062,11.946912],[75.294746,11.945579],[75.294824,11.944766],[75.295668,11.943701],[75.296482,11.941902],[75.297214,11.941528],[75.298909,11.940121],[75.301446,11.937536],[75.305389,11.932461],[75.314225,11.920318],[75.318173,11.914083],[75.319497,11.911147],[75.319514,11.910864],[75.318268,11.908722],[75.31827,11.908049],[75.319136,11.906225],[75.318762,11.905775],[75.318752,11.905081],[75.319178,11.905031],[75.319687,11.905308],[75.322158,11.904955],[75.322687,11.904354],[75.324048,11.903991],[75.328202,11.900051],[75.33069,11.897525],[75.335189,11.892387],[75.348637,11.875225],[75.349828,11.873459],[75.352611,11.868418],[75.352738,11.867897],[75.352371,11.867336],[75.353029,11.86661],[75.353374,11.866501],[75.35355,11.866243],[75.353583,11.865431],[75.354146,11.865034],[75.354203,11.864711],[75.354716,11.864413],[75.355068,11.863881],[75.354951,11.862875],[75.355336,11.862403],[75.355444,11.861231],[75.355104,11.859883],[75.355915,11.859706],[75.357195,11.859975],[75.359578,11.859238],[75.360094,11.858818],[75.361332,11.856718],[75.361747,11.856621],[75.362059,11.85695],[75.363371,11.856069],[75.363653,11.854845],[75.363394,11.854503],[75.363377,11.854041],[75.363733,11.853643],[75.36416,11.854092],[75.364584,11.85376],[75.364302,11.853248],[75.36454,11.853356],[75.364565,11.852933],[75.36489,11.852852],[75.364659,11.852622],[75.364771,11.852297],[75.365525,11.852224],[75.365876,11.852798],[75.366276,11.85275],[75.366722,11.851984],[75.366431,11.85124],[75.366668,11.851009],[75.367025,11.851113],[75.367282,11.8516],[75.367953,11.851954],[75.368375,11.852446],[75.368826,11.85258],[75.369059,11.853016],[75.369371,11.853047],[75.370015,11.853571],[75.370419,11.853577],[75.370867,11.853176],[75.371723,11.853397],[75.371962,11.853171],[75.373114,11.852859],[75.373495,11.852283],[75.374146,11.852396],[75.373882,11.852632],[75.374477,11.852898],[75.374858,11.853352],[75.374622,11.854229],[75.373995,11.854808],[75.373121,11.854639],[75.372556,11.854795],[75.372313,11.856103],[75.374005,11.857738],[75.374932,11.858189],[75.375148,11.857975],[75.37604,11.858086],[75.375529,11.855512],[75.375967,11.854768],[75.376626,11.858105],[75.376908,11.858379],[75.377865,11.858584],[75.380142,11.858434],[75.381578,11.857961],[75.383604,11.856813],[75.385802,11.855239],[75.38864,11.852677],[75.391282,11.84974],[75.393355,11.848001],[75.396025,11.844311],[75.396144,11.843856],[75.396932,11.84312],[75.397066,11.842456],[75.397461,11.842379],[75.39833,11.841602],[75.398548,11.841001],[75.399281,11.840707],[75.400618,11.840676],[75.401216,11.84041],[75.401807,11.839536],[75.402477,11.83924],[75.403043,11.838474],[75.404306,11.83759],[75.406286,11.835562],[75.407611,11.833827],[75.407715,11.833212],[75.407591,11.833106],[75.408912,11.832267],[75.410599,11.830705],[75.416449,11.823969],[75.417532,11.82238],[75.418173,11.820519],[75.418071,11.820151],[75.417645,11.819802],[75.417265,11.820083],[75.417032,11.819886],[75.41726,11.819196],[75.417641,11.819171],[75.417718,11.819619],[75.418374,11.819672],[75.419177,11.819235],[75.420601,11.818012],[75.422293,11.816166],[75.422816,11.814924],[75.42371,11.814113],[75.423896,11.813235],[75.423296,11.813217],[75.423904,11.812264],[75.424282,11.812169],[75.424124,11.812535],[75.424562,11.812674],[75.425529,11.812237],[75.425654,11.811981],[75.425449,11.81159],[75.425687,11.811017],[75.426475,11.810387],[75.427002,11.810605],[75.426947,11.810085],[75.427249,11.810146],[75.427551,11.809634],[75.428151,11.809342],[75.428379,11.808921],[75.428379,11.808176],[75.428707,11.807724],[75.429032,11.807803],[75.431217,11.807397],[75.431633,11.808048],[75.432243,11.808341],[75.432633,11.807644],[75.433642,11.806998],[75.436147,11.80421],[75.441608,11.796906],[75.446269,11.789344],[75.4469,11.787661],[75.447233,11.785967],[75.447324,11.784166],[75.446991,11.782775],[75.447054,11.782111],[75.45054,11.780706],[75.453917,11.778986],[75.453804,11.776499],[75.454008,11.774195],[75.453557,11.771288],[75.455475,11.770436],[75.456937,11.769189],[75.458015,11.768564],[75.458187,11.768225],[75.45993,11.766907],[75.46055,11.765867],[75.461223,11.766532],[75.462473,11.76649],[75.462969,11.766067],[75.463495,11.766611],[75.463967,11.766802],[75.465144,11.76692],[75.465957,11.766689],[75.46751,11.765137],[75.469304,11.765536],[75.469538,11.765789],[75.469595,11.766385],[75.473041,11.763794],[75.474524,11.761984],[75.474814,11.76138],[75.476171,11.760054],[75.476372,11.7594],[75.477206,11.758765],[75.477494,11.757945],[75.478247,11.757698],[75.479828,11.756217],[75.48058,11.755933],[75.483375,11.753153],[75.483622,11.752189],[75.484134,11.751805],[75.484437,11.751178],[75.484199,11.750303],[75.485113,11.749269],[75.484869,11.747775],[75.485196,11.747094],[75.485242,11.746317],[75.486935,11.746501],[75.487956,11.746249],[75.490647,11.74451],[75.49172,11.743505],[75.497817,11.735005],[75.497872,11.734063],[75.498189,11.733911],[75.498251,11.733176],[75.49905,11.732065],[75.499576,11.732953],[75.500389,11.733427],[75.500373,11.733669],[75.501846,11.734229],[75.503586,11.734405],[75.505122,11.733817],[75.505705,11.733423],[75.505715,11.732995],[75.506249,11.732908],[75.506,11.732409],[75.506732,11.731703],[75.506301,11.731227],[75.506489,11.731025],[75.50715,11.731306],[75.508169,11.73075],[75.509604,11.729492],[75.511324,11.727225],[75.511557,11.726403],[75.516396,11.718735],[75.516806,11.71661],[75.51664,11.716024],[75.516779,11.71568],[75.51753,11.715399],[75.518139,11.715756],[75.518629,11.715754],[75.519864,11.714974],[75.521119,11.713392],[75.524045,11.708513],[75.524228,11.708022],[75.52396,11.707601],[75.524102,11.707415],[75.524488,11.707391],[75.524788,11.706971],[75.524965,11.707281],[75.525856,11.70746],[75.52667,11.707379],[75.527463,11.707008],[75.530887,11.703571],[75.531859,11.704098],[75.533253,11.705778],[75.534574,11.708818],[75.535944,11.7094],[75.53837,11.70928],[75.542738,11.705364],[75.544682,11.70447],[75.543444,11.702106],[75.543237,11.700598],[75.542057,11.699969],[75.542183,11.697604],[75.540212,11.696968],[75.537519,11.693858],[75.53593,11.692386],[75.53917,11.687073],[75.541735,11.682431],[75.546785,11.672203],[75.548413,11.667982],[75.548631,11.665631],[75.548502,11.663921],[75.55005,11.664399],[75.551758,11.660862],[75.551531,11.660702],[75.551576,11.660451],[75.552678,11.659066],[75.554652,11.655441],[75.558353,11.647333],[75.563699,11.634806],[75.564156,11.632902],[75.564906,11.631577],[75.568857,11.622254],[75.569595,11.619579],[75.570992,11.616949],[75.585452,11.577393],[75.587056,11.57223],[75.588361,11.569197],[75.588461,11.56844],[75.59068,11.562412],[75.591087,11.560163],[75.592847,11.555044],[75.593727,11.553278],[75.594167,11.551712],[75.59569,11.547886],[75.596055,11.545962],[75.607798,11.515077],[75.612829,11.501052],[75.615217,11.493178],[75.616724,11.489109],[75.618344,11.482343],[75.618351,11.480247],[75.617681,11.478306],[75.617115,11.477564],[75.617175,11.477312],[75.619234,11.47605],[75.620608,11.474673],[75.621284,11.474457],[75.623328,11.474752],[75.624577,11.474478],[75.625554,11.4741],[75.626793,11.473222],[75.628402,11.471603],[75.630505,11.468538],[75.630639,11.467912],[75.631041,11.467307],[75.632061,11.466219],[75.632425,11.465325],[75.632388,11.464426],[75.632839,11.463632],[75.632731,11.463149],[75.633729,11.462628],[75.634115,11.462218],[75.634174,11.461756],[75.635062,11.462239],[75.637235,11.461932],[75.637734,11.462915],[75.637275,11.463774],[75.637372,11.464137],[75.637844,11.46461],[75.639362,11.465515],[75.640451,11.46583],[75.642055,11.465956],[75.644989,11.467208],[75.647077,11.467418],[75.650193,11.467076],[75.65155,11.466703],[75.651909,11.466834],[75.652086,11.466577],[75.652269,11.466913],[75.652494,11.466876],[75.654656,11.466088],[75.657552,11.464658],[75.659688,11.463144],[75.659838,11.462755],[75.66032,11.462439],[75.661254,11.462108],[75.663003,11.461934],[75.663915,11.462266],[75.664349,11.462066],[75.670298,11.456572],[75.673147,11.453659],[75.673329,11.453238],[75.675549,11.450655],[75.676132,11.450299],[75.676644,11.450451],[75.677039,11.449591],[75.677728,11.449806],[75.67808,11.449515],[75.678011,11.449918],[75.678306,11.450493],[75.679322,11.450794],[75.681196,11.450005],[75.682148,11.449163],[75.687765,11.440541],[75.688613,11.438945],[75.68906,11.437497],[75.689634,11.437542],[75.690659,11.435982],[75.690894,11.435921],[75.691764,11.433961],[75.691563,11.433172],[75.692161,11.432703],[75.692145,11.432504],[75.69423,11.430104],[75.696131,11.427323],[75.702402,11.416015],[75.7115,11.397884],[75.711189,11.397471],[75.711409,11.39736],[75.711478,11.396864],[75.711564,11.396711],[75.711867,11.396764],[75.712114,11.396427],[75.713289,11.394113],[75.712929,11.393506],[75.713358,11.393272],[75.714332,11.393829],[75.715483,11.392375],[75.718992,11.384231],[75.719427,11.383794],[75.720486,11.381536],[75.720645,11.381089],[75.720548,11.380776],[75.721921,11.378388],[75.726798,11.36741],[75.727101,11.36712],[75.727675,11.365403],[75.733036,11.353254],[75.73353,11.352208],[75.735048,11.350614],[75.73493,11.34881],[75.735347,11.345611],[75.735696,11.344554],[75.735476,11.344149],[75.736584,11.341363],[75.736753,11.340117],[75.736216,11.337416],[75.734409,11.336459],[75.734258,11.335549],[75.733851,11.334939],[75.734409,11.333777],[75.734822,11.333514],[75.735776,11.332035],[75.736222,11.331015],[75.73649,11.329858],[75.736183,11.329461],[75.736616,11.329519],[75.737053,11.328769],[75.737252,11.327859],[75.737069,11.327035],[75.737418,11.326208],[75.737262,11.324714],[75.737429,11.324509],[75.737879,11.324535],[75.73811,11.323841],[75.739322,11.32362],[75.739912,11.323173],[75.739853,11.32282],[75.740304,11.32241],[75.740085,11.322168],[75.741445,11.321794],[75.74196,11.321069],[75.742069,11.320569],[75.744484,11.321044],[75.74488,11.320538],[75.746132,11.320024],[75.74676,11.317763],[75.747042,11.317473],[75.746863,11.316724],[75.747117,11.316445],[75.748812,11.311653],[75.756215,11.293007],[75.764315,11.270504],[75.764302,11.267526],[75.761557,11.266074],[75.761196,11.265365],[75.761396,11.265369],[75.761714,11.265978],[75.764937,11.267684],[75.765269,11.267549],[75.766106,11.265523],[75.766137,11.264773],[75.766438,11.263903],[75.76597,11.262761],[75.765355,11.262481],[75.763887,11.262383],[75.762947,11.262746],[75.762286,11.263272],[75.761573,11.264416],[75.761332,11.264321],[75.759977,11.264941],[75.758595,11.266107],[75.758393,11.265923],[75.759877,11.264789],[75.761534,11.264048],[75.762186,11.263132],[75.762984,11.262527],[75.763975,11.262181],[75.765438,11.262327],[75.765995,11.262565],[75.766866,11.261363],[75.768272,11.258522],[75.771792,11.249391],[75.771443,11.249123],[75.771809,11.249154],[75.772588,11.247112],[75.772631,11.246605],[75.77249,11.246497],[75.772731,11.246333],[75.772919,11.245713],[75.772735,11.245481],[75.772999,11.245285],[75.773061,11.244377],[75.773413,11.243688],[75.773223,11.243305],[75.773479,11.242809],[75.773709,11.24123],[75.774085,11.240706],[75.773961,11.240149],[75.774252,11.239915],[75.774387,11.239268],[75.774246,11.239091],[75.774762,11.238249],[75.774558,11.238034],[75.774888,11.237904],[75.775747,11.236034],[75.775564,11.235837],[75.775773,11.235866],[75.776158,11.235026],[75.776045,11.234832],[75.776603,11.233993],[75.776454,11.233864],[75.776657,11.23386],[75.777083,11.233079],[75.776935,11.232998],[75.777435,11.232231],[75.777314,11.231913],[75.777555,11.231784],[75.777879,11.231082],[75.777769,11.230917],[75.778071,11.230764],[75.778949,11.22874],[75.779006,11.228367],[75.778686,11.227813],[75.777986,11.227217],[75.779377,11.228119],[75.779853,11.227583],[75.779612,11.226735],[75.778477,11.225852],[75.778788,11.225946],[75.779588,11.224563],[75.781835,11.218248],[75.785774,11.20838],[75.786138,11.208061],[75.786594,11.206906],[75.787052,11.20508],[75.788436,11.201288],[75.796628,11.180923],[75.797953,11.177268],[75.798129,11.175852],[75.799154,11.173658],[75.800273,11.170442],[75.801736,11.165567],[75.802024,11.163761],[75.801957,11.162653],[75.796083,11.158801],[75.796259,11.158741],[75.802393,11.162626],[75.803594,11.160644],[75.79619,11.155972],[75.796458,11.15574],[75.796494,11.155944],[75.798705,11.157325],[75.800086,11.158187],[75.800305,11.158142],[75.801303,11.15744],[75.802963,11.155629],[75.803172,11.155269],[75.803009,11.154953],[75.803344,11.154822],[75.803387,11.15444],[75.803674,11.155372],[75.803899,11.155561],[75.804301,11.155595],[75.805391,11.155224],[75.807011,11.154045],[75.807418,11.153482],[75.807678,11.153519],[75.810063,11.150882],[75.810261,11.151051],[75.810999,11.150501],[75.812364,11.150374],[75.813593,11.149595],[75.814979,11.147703],[75.816363,11.145156],[75.82011,11.135913],[75.820668,11.134998],[75.822315,11.130613],[75.824072,11.126726],[75.825071,11.125574],[75.826148,11.125292],[75.825604,11.123392],[75.825689,11.12296],[75.826043,11.122744],[75.82717,11.121239],[75.827889,11.119386],[75.828291,11.11907],[75.829632,11.116817],[75.836767,11.095872],[75.838006,11.091745],[75.838666,11.088771],[75.841439,11.0803],[75.845618,11.065933],[75.847898,11.056915],[75.850135,11.046332],[75.851095,11.042894],[75.853627,11.029863],[75.855167,11.02356],[75.856808,11.018116],[75.858187,11.012397],[75.860885,11.003577],[75.864144,10.991868],[75.865783,10.984809],[75.865939,10.983753],[75.865853,10.982418],[75.866336,10.982373],[75.867081,10.981033],[75.86762,10.978598],[75.867897,10.978242],[75.86772,10.976689],[75.868707,10.974356],[75.87104,10.966166],[75.871217,10.964397],[75.875069,10.949397],[75.877278,10.939471],[75.87805,10.936893],[75.883148,10.913797],[75.892407,10.869348],[75.895132,10.857931],[75.899901,10.835392],[75.909272,10.793381],[75.909775,10.79033],[75.909709,10.787461],[75.908567,10.786776],[75.908541,10.786605],[75.909353,10.786932],[75.911035,10.788381],[75.912041,10.786054],[75.910159,10.784995],[75.910104,10.784737],[75.910632,10.784524],[75.910859,10.784096],[75.910889,10.783437],[75.911059,10.783561],[75.910966,10.78408],[75.911505,10.784438],[75.911863,10.784452],[75.912673,10.784288],[75.913775,10.783301],[75.915409,10.78085],[75.91653,10.77811],[75.918655,10.774089],[75.923579,10.760651],[75.92602,10.754943],[75.927844,10.75156],[75.930719,10.743475],[75.935263,10.732961],[75.935268,10.732307],[75.935622,10.731817],[75.936475,10.731237],[75.939592,10.725376],[75.939367,10.724206],[75.939471,10.723837],[75.941148,10.720609],[75.943473,10.715274],[75.946281,10.710264],[75.947346,10.707081],[75.948658,10.70488],[75.95097,10.699079],[75.950879,10.698689],[75.952644,10.694267],[75.955903,10.686977],[75.957166,10.684549],[75.966259,10.663877],[75.974488,10.644629],[75.983731,10.622324],[75.993834,10.600754],[75.999357,10.588207],[76.00492,10.577523],[76.006615,10.573695],[76.009816,10.567746],[76.01206,10.562837],[76.01358,10.560206],[76.014656,10.557888],[76.015963,10.555853],[76.016022,10.554897],[76.018117,10.549402],[76.020734,10.543506],[76.021206,10.542008],[76.02251,10.539242],[76.023532,10.537649],[76.023902,10.536415],[76.026273,10.531632],[76.026973,10.529248],[76.028427,10.525957],[76.033853,10.514551],[76.036559,10.510967],[76.036524,10.510179],[76.039864,10.506721],[76.03948,10.506455],[76.039542,10.506315],[76.039817,10.506125],[76.042857,10.501458],[76.049439,10.488835],[76.051259,10.485679],[76.051569,10.485479],[76.051818,10.484483],[76.054072,10.480485],[76.054536,10.479016],[76.058025,10.472137],[76.06079,10.466992],[76.061257,10.466575],[76.062118,10.464831],[76.062545,10.464338],[76.064959,10.459751],[76.074362,10.43851],[76.081122,10.422244],[76.085172,10.411888],[76.089753,10.401056],[76.105814,10.359492],[76.115985,10.331813],[76.117675,10.326488],[76.120658,10.318133],[76.123291,10.311452],[76.124619,10.307161],[76.125611,10.302604],[76.126105,10.301965],[76.12614,10.301342],[76.126869,10.299062],[76.127352,10.298381],[76.127301,10.298025],[76.130101,10.288031],[76.130289,10.286455],[76.130713,10.285555],[76.131075,10.282668],[76.131684,10.279971],[76.132875,10.277253],[76.132859,10.276749],[76.13324,10.27587],[76.133256,10.275059],[76.134929,10.269216],[76.135007,10.267939],[76.136458,10.263238],[76.136694,10.263082],[76.136607,10.262793],[76.138304,10.256606],[76.139672,10.253241],[76.139669,10.252723],[76.141198,10.247122],[76.143059,10.241455],[76.143625,10.240838],[76.14351,10.239861],[76.145326,10.23393],[76.145894,10.232966],[76.145827,10.232164],[76.147989,10.225755],[76.148756,10.224483],[76.148791,10.223176],[76.149416,10.221081],[76.150722,10.217491],[76.152565,10.211427],[76.153005,10.211058],[76.152935,10.210358],[76.156417,10.200501],[76.162409,10.178353],[76.162429,10.178028],[76.16189,10.177453],[76.163497,10.176522],[76.163519,10.176165],[76.164841,10.177107],[76.16561,10.176444],[76.166278,10.175309],[76.167403,10.170277],[76.168669,10.168397],[76.169179,10.167109],[76.175444,10.149974],[76.178378,10.141396],[76.183614,10.123803],[76.187184,10.109312],[76.189776,10.096244],[76.190207,10.095919],[76.192356,10.087526],[76.193141,10.085556],[76.193174,10.084936],[76.193479,10.084785],[76.193611,10.08394],[76.193989,10.083481],[76.194193,10.082815],[76.196357,10.07442],[76.197674,10.068349],[76.198178,10.066722],[76.198667,10.065872],[76.198728,10.064754],[76.200437,10.058197],[76.202347,10.052123],[76.202695,10.051552],[76.204283,10.0503],[76.206075,10.044168],[76.206397,10.043904],[76.206225,10.043597],[76.206418,10.042815],[76.210758,10.026916],[76.211152,10.026147],[76.2116,10.026028],[76.211804,10.025627],[76.212925,10.022246],[76.218107,9.999477],[76.219899,9.990079],[76.22168,9.984273],[76.222115,9.981171],[76.224567,9.973853],[76.225388,9.974066],[76.227286,9.973806],[76.22872,9.974502],[76.230124,9.974916],[76.231744,9.975048],[76.231792,9.975259],[76.23199,9.975281],[76.23272,9.975022],[76.233047,9.974108],[76.234104,9.973806],[76.238627,9.972935],[76.239297,9.973106],[76.241845,9.972361],[76.243911,9.97262],[76.244357,9.968955],[76.240823,9.967752],[76.240697,9.967939],[76.239836,9.967443],[76.237978,9.965664],[76.237427,9.964405],[76.237401,9.963319],[76.237111,9.963271],[76.236982,9.962637],[76.237084,9.961514],[76.236945,9.961441],[76.237111,9.961369],[76.237186,9.960754],[76.236966,9.960616],[76.237175,9.960497],[76.237274,9.959332],[76.237065,9.959198],[76.237296,9.959163],[76.237494,9.958022],[76.237261,9.957898],[76.237518,9.95785],[76.237666,9.95672],[76.237481,9.956619],[76.237738,9.956598],[76.237883,9.955813],[76.237771,9.955319],[76.238066,9.955134],[76.238168,9.954083],[76.238409,9.954094],[76.238557,9.953026],[76.238736,9.953024],[76.239045,9.951745],[76.238896,9.951659],[76.239122,9.951641],[76.240152,9.947833],[76.242564,9.942377],[76.244103,9.938301],[76.246643,9.930584],[76.246977,9.930155],[76.247265,9.928997],[76.248253,9.926843],[76.248257,9.926271],[76.250978,9.919059],[76.252574,9.912079],[76.256135,9.899999],[76.256525,9.897214],[76.257764,9.892468],[76.25965,9.883788],[76.260009,9.882581],[76.26078,9.882281],[76.260888,9.881873],[76.260428,9.881628],[76.260386,9.8806],[76.261672,9.872037],[76.26206,9.870162],[76.262672,9.869672],[76.262879,9.869077],[76.262629,9.867496],[76.263404,9.862562],[76.266995,9.844002],[76.267591,9.843162],[76.267733,9.842232],[76.267546,9.841816],[76.268511,9.838093],[76.269425,9.832335],[76.269775,9.831874],[76.269559,9.830984],[76.269722,9.829105],[76.271976,9.816407],[76.272802,9.813135],[76.273083,9.809331],[76.273887,9.805793],[76.274258,9.80526],[76.274836,9.802294],[76.274618,9.802041],[76.274601,9.801509],[76.273449,9.801251],[76.27466,9.801391],[76.27502,9.800308],[76.27563,9.799638],[76.275484,9.799089],[76.275009,9.798662],[76.273659,9.798488],[76.273095,9.799304],[76.272632,9.801067],[76.27235,9.801151],[76.273329,9.798595],[76.273899,9.798125],[76.274659,9.798128],[76.274923,9.797634],[76.275679,9.795836],[76.276057,9.794145],[76.27673,9.790241],[76.276911,9.790088],[76.277679,9.78685],[76.279173,9.778853],[76.279518,9.775126],[76.280641,9.76734],[76.281301,9.764447],[76.28313,9.752044],[76.283771,9.750016],[76.283785,9.747141],[76.286632,9.719448],[76.287318,9.710623],[76.288628,9.700746],[76.289158,9.694593],[76.289452,9.693513],[76.289468,9.692499],[76.289179,9.691437],[76.289343,9.688042],[76.289542,9.687602],[76.290772,9.679423],[76.291044,9.67608],[76.290749,9.674779],[76.289929,9.674586],[76.2911,9.670585],[76.290817,9.669542],[76.290167,9.669373],[76.290806,9.667844],[76.291591,9.663828],[76.292164,9.657323],[76.293549,9.645899],[76.29387,9.644743],[76.294335,9.640224],[76.295009,9.636083],[76.295172,9.633964],[76.294974,9.633775],[76.295025,9.633336],[76.295276,9.632915],[76.295287,9.632011],[76.295613,9.630659],[76.295298,9.628867],[76.295747,9.625376],[76.295682,9.62457],[76.295421,9.623556],[76.29378,9.62323],[76.294563,9.62332],[76.294761,9.622581],[76.293972,9.622435],[76.293993,9.622302],[76.29423,9.622304],[76.294856,9.621024],[76.295656,9.61807],[76.297249,9.606371],[76.300194,9.588473],[76.300901,9.582772],[76.302734,9.572137],[76.303741,9.565098],[76.305001,9.559223],[76.305807,9.556836],[76.305653,9.556757],[76.305741,9.555842],[76.305524,9.555741],[76.30631,9.551663],[76.306158,9.55149],[76.306278,9.550341],[76.307066,9.547034],[76.306922,9.546107],[76.307163,9.543792],[76.307827,9.540968],[76.310867,9.523354],[76.313165,9.512101],[76.315104,9.501181],[76.318656,9.487363],[76.324836,9.460706],[76.327001,9.452098],[76.328958,9.445293],[76.330407,9.438152],[76.330669,9.437276],[76.331257,9.436374],[76.335336,9.424783],[76.337332,9.419904],[76.338335,9.41658],[76.33974,9.413045],[76.340078,9.411399],[76.341746,9.406446],[76.344198,9.401119],[76.344555,9.399325],[76.348371,9.388531],[76.35196,9.380004],[76.352266,9.378795],[76.354873,9.374256],[76.358687,9.365243],[76.370296,9.340254],[76.374292,9.330673],[76.376835,9.325099],[76.378603,9.320795],[76.378461,9.319655],[76.377764,9.31915],[76.378312,9.318933],[76.379166,9.319437],[76.379676,9.318376],[76.378603,9.317818],[76.377843,9.3177],[76.37745,9.317926],[76.376743,9.319404],[76.376242,9.319883],[76.376126,9.31979],[76.377437,9.31761],[76.37795,9.317403],[76.378429,9.317488],[76.378849,9.316605],[76.38261,9.311072],[76.382766,9.310411],[76.382326,9.309571],[76.382824,9.308425],[76.386502,9.302378],[76.392867,9.289369],[76.394047,9.286539],[76.396308,9.282738],[76.396936,9.280768],[76.39825,9.278028],[76.400401,9.272644],[76.406747,9.259008],[76.407281,9.258381],[76.40731,9.25773],[76.408423,9.255191],[76.416934,9.236874],[76.418222,9.234616],[76.418659,9.233355],[76.41974,9.231518],[76.42111,9.228354],[76.424651,9.221182],[76.424898,9.220266],[76.431587,9.205982],[76.4331,9.203369],[76.43325,9.201743],[76.437147,9.192961],[76.437474,9.191814],[76.441686,9.183633],[76.441771,9.182722],[76.442254,9.181244],[76.444609,9.17607],[76.444931,9.17489],[76.446058,9.173153],[76.448461,9.167994],[76.449866,9.165929],[76.451875,9.161483],[76.453487,9.158591],[76.454171,9.156698],[76.455156,9.154765],[76.455231,9.154169],[76.457376,9.149829],[76.460375,9.142213],[76.461587,9.139628],[76.4617,9.138876],[76.461614,9.138559],[76.459574,9.137213],[76.458012,9.135762],[76.460292,9.134864],[76.46232,9.134459],[76.464543,9.131337],[76.465922,9.1288],[76.470675,9.119597],[76.472609,9.114957],[76.476804,9.107163],[76.478802,9.1026],[76.482487,9.095309],[76.485212,9.089294],[76.485137,9.089034],[76.485632,9.088179],[76.485499,9.087843],[76.485808,9.087694],[76.486322,9.086881],[76.486213,9.086701],[76.486918,9.085774],[76.492009,9.073805],[76.492731,9.072621],[76.493935,9.069671],[76.495319,9.067194],[76.495925,9.065223],[76.4982,9.060281],[76.499238,9.057542],[76.500182,9.055558],[76.500694,9.055079],[76.500635,9.054607],[76.501662,9.052064],[76.50203,9.051672],[76.502041,9.051076],[76.502706,9.049487],[76.504916,9.044769],[76.510768,9.031045],[76.514348,9.024847],[76.515793,9.022872],[76.515449,9.022561],[76.515921,9.022783],[76.516353,9.022662],[76.516853,9.021872],[76.516614,9.021856],[76.516706,9.021596],[76.516926,9.021764],[76.517788,9.020526],[76.517914,9.019979],[76.517602,9.019927],[76.517589,9.019772],[76.517748,9.019664],[76.517939,9.019868],[76.518463,9.01886],[76.518597,9.017663],[76.51817,9.017538],[76.51817,9.017361],[76.519553,9.014541],[76.520216,9.01198],[76.520007,9.010903],[76.519268,9.010033],[76.519346,9.008918],[76.520038,9.007514],[76.520585,9.005612],[76.521331,9.004234],[76.521637,9.002142],[76.521414,9.001802],[76.521369,9.001018],[76.522061,8.99546],[76.522962,8.991841],[76.52326,8.991757],[76.523565,8.991055],[76.52367,8.9903],[76.52341,8.989825],[76.523533,8.988675],[76.524818,8.982304],[76.527237,8.972358],[76.528283,8.970191],[76.52845,8.969092],[76.528316,8.968175],[76.528777,8.966177],[76.52908,8.965862],[76.52923,8.964407],[76.530051,8.962847],[76.529992,8.962433],[76.531995,8.95727],[76.534058,8.950688],[76.535244,8.946025],[76.535869,8.941539],[76.537285,8.937417],[76.535606,8.935988],[76.535551,8.935714],[76.535814,8.935608],[76.536367,8.936257],[76.537278,8.935453],[76.537381,8.935056],[76.537672,8.935082],[76.537902,8.935379],[76.53755,8.935548],[76.537475,8.936048],[76.540195,8.938776],[76.541061,8.9377],[76.54031,8.936669],[76.540045,8.935834],[76.54041,8.932623],[76.540879,8.932313],[76.540764,8.932083],[76.535598,8.93362],[76.535464,8.933341],[76.538894,8.93247],[76.539549,8.932064],[76.539924,8.929388],[76.540825,8.925488],[76.541008,8.921349],[76.542601,8.912239],[76.543481,8.909902],[76.544827,8.908089],[76.546099,8.905815],[76.546673,8.90325],[76.547418,8.902275],[76.549864,8.900828],[76.551565,8.896631],[76.552214,8.895714],[76.553206,8.895195],[76.553909,8.894139],[76.554173,8.894015],[76.554169,8.893528],[76.554701,8.892436],[76.556342,8.891589],[76.55681,8.890863],[76.557517,8.890548],[76.557915,8.890013],[76.558603,8.889799],[76.56029,8.888503],[76.561014,8.887716],[76.560931,8.887245],[76.561392,8.88717],[76.561959,8.88672],[76.562162,8.885143],[76.562638,8.883663],[76.563635,8.883564],[76.564395,8.882192],[76.56511,8.881831],[76.565069,8.881013],[76.565619,8.879971],[76.566787,8.879832],[76.569925,8.877182],[76.576383,8.874456],[76.583175,8.870628],[76.58338,8.870792],[76.583292,8.871041],[76.576534,8.874667],[76.570142,8.877371],[76.567456,8.879545],[76.567776,8.880254],[76.569249,8.881576],[76.570198,8.881415],[76.57159,8.882162],[76.572829,8.882024],[76.574484,8.881531],[76.576107,8.88159],[76.578253,8.881272],[76.580938,8.880365],[76.582075,8.880344],[76.583309,8.879684],[76.58366,8.879202],[76.582579,8.877266],[76.582391,8.877365],[76.581605,8.875957],[76.581608,8.875432],[76.583108,8.875945],[76.585329,8.876072],[76.587501,8.875537],[76.591769,8.873792],[76.595773,8.871132],[76.602827,8.866017],[76.604383,8.864306],[76.606931,8.86253],[76.60854,8.860821],[76.609045,8.860574],[76.61347,8.85662],[76.617456,8.852682],[76.619371,8.85063],[76.620975,8.848378],[76.633179,8.834781],[76.640821,8.824615],[76.641743,8.82371],[76.641907,8.822876],[76.644541,8.819579],[76.648119,8.813408],[76.648629,8.811812],[76.648591,8.811224],[76.648908,8.810641],[76.65012,8.809766],[76.651037,8.808144],[76.653537,8.805971],[76.65645,8.801125],[76.658945,8.798607],[76.661031,8.795373],[76.662705,8.794128],[76.669166,8.786833],[76.672772,8.782308],[76.677672,8.774851],[76.682135,8.768733],[76.683524,8.766533],[76.683377,8.765679],[76.684837,8.763974],[76.685898,8.762],[76.687481,8.76003],[76.687491,8.75954],[76.688197,8.758175],[76.690554,8.754665],[76.691109,8.753482],[76.692208,8.752391],[76.694432,8.74956],[76.697187,8.745063],[76.698663,8.743043],[76.698759,8.742128],[76.699451,8.740596],[76.699457,8.739254],[76.699671,8.738337],[76.700755,8.737754],[76.704323,8.734414],[76.707313,8.730122],[76.721689,8.713318],[76.731123,8.701711],[76.73712,8.693839],[76.7514,8.676663],[76.752146,8.675491],[76.758336,8.668284],[76.760704,8.665263],[76.763052,8.662737],[76.776929,8.645824],[76.78421,8.636166],[76.784274,8.635896],[76.783861,8.635407],[76.784817,8.633952],[76.785095,8.632805],[76.783569,8.631214],[76.78388,8.631029],[76.784596,8.631935],[76.785408,8.631176],[76.784262,8.629889],[76.784517,8.629709],[76.784732,8.630073],[76.785186,8.630057],[76.787041,8.629076],[76.789209,8.627379],[76.791902,8.62479],[76.793672,8.622796],[76.812372,8.599952],[76.827296,8.581284],[76.852514,8.550737],[76.869927,8.528939],[76.884956,8.50962],[76.895906,8.49662],[76.90442,8.486952],[76.922633,8.466637],[76.925055,8.464193],[76.92547,8.463294],[76.928276,8.460116],[76.928174,8.460047],[76.928455,8.459659],[76.928946,8.459232],[76.928844,8.459115],[76.929928,8.457959],[76.929775,8.457839],[76.930022,8.457839],[76.930635,8.457144],[76.930604,8.456887],[76.930751,8.457038],[76.931189,8.456661],[76.931151,8.456287],[76.931342,8.456346],[76.931929,8.455741],[76.931811,8.455473],[76.932085,8.455497],[76.932592,8.455046],[76.93246,8.454823],[76.932643,8.454817],[76.933101,8.454213],[76.932999,8.454125],[76.933187,8.454104],[76.933538,8.453356],[76.938066,8.449026],[76.939257,8.447147],[76.942441,8.443324],[76.945936,8.438371],[76.95075,8.433542],[76.955055,8.428442],[76.957426,8.42593],[76.957788,8.425389],[76.957842,8.424977],[76.957662,8.42467],[76.958097,8.423868],[76.959566,8.422223],[76.963257,8.417086],[76.963842,8.415816],[76.964993,8.414263],[76.965977,8.412332],[76.968954,8.407699],[76.970593,8.404281],[76.971344,8.401839],[76.972133,8.400407],[76.971934,8.400235],[76.971945,8.399744],[76.972865,8.398006],[76.97275,8.397593],[76.972986,8.397337],[76.973095,8.396684],[76.972827,8.39527],[76.972381,8.394642],[76.971607,8.394549],[76.971162,8.394954],[76.97092,8.394801],[76.970881,8.39332],[76.971219,8.392605],[76.97128,8.391947],[76.971785,8.391755],[76.97202,8.391064],[76.972591,8.390539],[76.972765,8.39067],[76.972716,8.390333],[76.973167,8.389917],[76.973629,8.389854],[76.973966,8.390193],[76.974357,8.390045],[76.975703,8.388889],[76.976224,8.38779],[76.976036,8.387148],[76.975587,8.38725],[76.975402,8.386884],[76.975732,8.386624],[76.975854,8.386047],[76.976226,8.386376],[76.977292,8.386251],[76.978657,8.385521],[76.979248,8.384944],[76.979573,8.384488],[76.979593,8.383638],[76.979085,8.383422],[76.978836,8.382886],[76.979246,8.382257],[76.979658,8.382312],[76.980026,8.381902],[76.980273,8.381992],[76.980461,8.382616],[76.980746,8.382633],[76.981178,8.382232],[76.981574,8.382215],[76.981559,8.381858],[76.981727,8.381918],[76.983199,8.381138],[76.983317,8.380872],[76.983993,8.380665],[76.984774,8.379967],[76.984795,8.379346],[76.985141,8.378901],[76.985088,8.378534],[76.985512,8.377269],[76.986418,8.376096],[76.986434,8.37559],[76.986645,8.375492],[76.987111,8.375837],[76.989753,8.373754],[76.989853,8.373491],[76.99009,8.373538],[76.990141,8.373855],[76.988511,8.375029],[76.988664,8.37558],[76.988041,8.376066],[76.987801,8.375785],[76.987571,8.375846],[76.987519,8.376599],[76.987329,8.376624],[76.987798,8.377519],[76.988501,8.378014],[76.988264,8.378305],[76.988881,8.37879],[76.989404,8.378183],[76.990155,8.378328],[76.991241,8.378184],[76.992055,8.377935],[76.992458,8.377461],[76.992155,8.377169],[76.992371,8.376921],[76.990992,8.37547],[76.99109,8.375142],[76.991303,8.375156],[76.991342,8.37545],[76.992408,8.37659],[76.99262,8.376596],[76.993242,8.376499],[76.994805,8.375172],[76.995004,8.374758],[76.993453,8.37284],[76.992975,8.372552],[76.992194,8.371312],[76.989019,8.367607],[76.988734,8.366527],[76.988734,8.365461],[76.989138,8.364241],[76.989645,8.363564],[76.990217,8.363014],[76.992893,8.361337],[76.997258,8.357982],[76.998617,8.356512],[76.998858,8.356469],[76.997377,8.358245],[76.993088,8.36154],[76.990272,8.363321],[76.98991,8.363668],[76.989917,8.364045],[76.989537,8.364146],[76.98909,8.365125],[76.98903,8.366724],[76.989465,8.36785],[76.993796,8.372648],[76.994652,8.371704],[76.994263,8.371403],[76.999078,8.365604],[77.000148,8.366717],[77.000426,8.366756],[77.003456,8.365816],[77.004011,8.365197],[77.006736,8.363145],[77.00662,8.362955],[77.006958,8.362615],[77.006897,8.362222],[77.008246,8.360917],[77.008243,8.36011],[77.008756,8.359107],[77.008841,8.358069],[77.008638,8.357961],[77.009435,8.357101],[77.013903,8.355211],[77.018881,8.352515],[77.023027,8.34975],[77.033096,8.342492],[77.042044,8.335576],[77.059546,8.320929],[77.064575,8.317346],[77.072986,8.310923],[77.077975,8.306411],[77.083619,8.302621],[77.096296,8.293532],[77.098915,8.298985],[77.099879,8.298954],[77.10164,8.300862],[77.101456,8.302804],[77.101794,8.306448],[77.104738,8.306727],[77.112902,8.304622],[77.113857,8.308572],[77.116729,8.310378],[77.117567,8.310045],[77.119467,8.30994],[77.119752,8.309694],[77.122651,8.308805],[77.124476,8.312038],[77.120902,8.314088],[77.120128,8.315642],[77.118958,8.316679],[77.118943,8.31772],[77.119754,8.318093],[77.119672,8.319542],[77.119159,8.321146],[77.121902,8.321575],[77.12441,8.321274],[77.125777,8.32131],[77.129474,8.322166],[77.129705,8.322859],[77.128959,8.325478],[77.129295,8.325902],[77.130516,8.325547],[77.131445,8.326285],[77.132429,8.326431],[77.134625,8.326194],[77.135755,8.326482],[77.138981,8.32787],[77.139701,8.329775],[77.144022,8.329308],[77.145222,8.329647],[77.147154,8.33188],[77.148765,8.332028],[77.150115,8.331524],[77.150835,8.3288],[77.152366,8.328092],[77.153921,8.327806],[77.155856,8.328508],[77.159966,8.329039],[77.161578,8.330021],[77.166308,8.331324],[77.169187,8.332658],[77.170362,8.329173],[77.169852,8.325583],[77.171966,8.324827],[77.172269,8.32087],[77.173105,8.319875],[77.173823,8.319653],[77.175802,8.320353],[77.176258,8.321592],[77.178545,8.322011],[77.17818,8.323342],[77.180114,8.323864],[77.178263,8.325437],[77.169899,8.335215],[77.169748,8.338181],[77.166948,8.342875],[77.16818,8.344595],[77.169014,8.344387],[77.169779,8.345994],[77.171192,8.346299],[77.171333,8.347584],[77.173926,8.348344],[77.174071,8.34947],[77.175264,8.349681],[77.17521,8.351685],[77.174578,8.352993],[77.174317,8.356386],[77.174358,8.358687],[77.172495,8.358897],[77.172007,8.359814],[77.170692,8.360364],[77.169606,8.363421],[77.167877,8.363446],[77.167232,8.362988],[77.166519,8.360319],[77.163243,8.36167],[77.16279,8.360924],[77.159547,8.35921],[77.157406,8.359885],[77.156324,8.357022],[77.154995,8.355753],[77.15294,8.355051],[77.152712,8.357083],[77.153742,8.361334],[77.155098,8.362383],[77.15566,8.363107],[77.155586,8.364816],[77.155793,8.365068],[77.15574,8.365538],[77.156939,8.367302],[77.157542,8.367936],[77.159772,8.368575],[77.160722,8.36933],[77.161385,8.373668],[77.159638,8.378834],[77.160004,8.381206],[77.155954,8.38272],[77.155322,8.381077],[77.154152,8.381057],[77.153588,8.381703],[77.152861,8.381779],[77.151871,8.381394],[77.151232,8.385049],[77.152681,8.386667],[77.153401,8.387997],[77.160244,8.390016],[77.166038,8.387384],[77.167191,8.386306],[77.168014,8.384372],[77.168576,8.384137],[77.171,8.387262],[77.174335,8.389385],[77.177977,8.393168],[77.182432,8.396313],[77.183176,8.397748],[77.183239,8.404679],[77.186217,8.406627],[77.193376,8.414993],[77.196673,8.418387],[77.197585,8.419564],[77.197698,8.422872],[77.196924,8.427009],[77.197147,8.429221],[77.200633,8.432008],[77.201022,8.433712],[77.2029,8.435659],[77.203728,8.437664],[77.204792,8.439597],[77.206714,8.444814],[77.209469,8.445023],[77.211485,8.445515],[77.215154,8.444722],[77.216897,8.445962],[77.224653,8.446183],[77.228026,8.447233],[77.22849,8.448405],[77.228652,8.450163],[77.227153,8.452267],[77.226228,8.454627],[77.226893,8.45542],[77.227401,8.458438],[77.223608,8.463119],[77.220913,8.465921],[77.214187,8.469537],[77.213414,8.475044],[77.211375,8.477488],[77.211452,8.481132],[77.211815,8.484006],[77.21374,8.485315],[77.211885,8.492121],[77.208186,8.493745],[77.20587,8.495839],[77.20414,8.496533],[77.20466,8.498702],[77.202986,8.500092],[77.202636,8.501405],[77.203806,8.502616],[77.210565,8.50671],[77.214305,8.512803],[77.220369,8.512705],[77.222283,8.512443],[77.224828,8.510604],[77.229034,8.509299],[77.231325,8.507815],[77.239026,8.49869],[77.24002,8.496916],[77.241236,8.497262],[77.244378,8.497606],[77.246339,8.502372],[77.249382,8.503851],[77.25122,8.505469],[77.256437,8.505176],[77.25737,8.507022],[77.259923,8.506102],[77.260868,8.505984],[77.261838,8.50622],[77.264157,8.509401],[77.26514,8.511461],[77.266246,8.514989],[77.266523,8.518474],[77.267012,8.520836],[77.268196,8.522692],[77.269516,8.525389],[77.271519,8.530687],[77.274163,8.533545],[77.274146,8.536808],[77.276408,8.540076],[77.281237,8.543441],[77.28283,8.545032],[77.283819,8.546561],[77.282558,8.548809],[77.282404,8.550424],[77.276818,8.555499],[77.275033,8.558063],[77.273989,8.56105],[77.274362,8.563784],[77.275044,8.565494],[77.272988,8.567754],[77.270901,8.570776],[77.268924,8.579002],[77.267995,8.578943],[77.266494,8.580729],[77.266986,8.583726],[77.266485,8.584972],[77.26592,8.585758],[77.264936,8.586379],[77.263724,8.588592],[77.263296,8.588783],[77.26274,8.588738],[77.261559,8.587981],[77.25874,8.589303],[77.258319,8.590074],[77.25699,8.590888],[77.256843,8.594839],[77.25597,8.595554],[77.255505,8.596866],[77.25464,8.597684],[77.253168,8.597693],[77.251924,8.598551],[77.251005,8.598656],[77.250357,8.599126],[77.248973,8.601477],[77.246311,8.603546],[77.245336,8.603618],[77.246147,8.604365],[77.245942,8.606582],[77.245265,8.609223],[77.24596,8.612536],[77.245899,8.614787],[77.245804,8.615854],[77.244088,8.621871],[77.239168,8.624676],[77.237727,8.625215],[77.234529,8.626908],[77.233574,8.629015],[77.234364,8.63061],[77.232929,8.632216],[77.232142,8.635619],[77.229405,8.637363],[77.229554,8.638626],[77.228852,8.640166],[77.226775,8.639455],[77.224851,8.639059],[77.222304,8.642687],[77.219171,8.645649],[77.214073,8.649379],[77.213559,8.651537],[77.211726,8.654718],[77.212141,8.657114],[77.210844,8.658847],[77.207776,8.660768],[77.208345,8.663687],[77.20609,8.665226],[77.203572,8.666608],[77.200739,8.669062],[77.201724,8.671374],[77.205271,8.677528],[77.206555,8.679548],[77.207694,8.680842],[77.206948,8.682659],[77.206747,8.684186],[77.205599,8.68606],[77.20261,8.689243],[77.201644,8.690811],[77.201621,8.692987],[77.197905,8.698117],[77.196842,8.701388],[77.195583,8.70217],[77.194915,8.7058],[77.19494,8.707837],[77.190031,8.712333],[77.186631,8.712536],[77.184932,8.713388],[77.184453,8.713781],[77.184167,8.714566],[77.184249,8.716452],[77.181285,8.717656],[77.180641,8.719447],[77.180604,8.721263],[77.178526,8.723095],[77.17695,8.72512],[77.176998,8.726905],[77.179109,8.730494],[77.17517,8.737033],[77.171768,8.740425],[77.170897,8.7409],[77.170105,8.741819],[77.169702,8.747523],[77.171962,8.750255],[77.175905,8.746505],[77.177419,8.745302],[77.179633,8.744625],[77.182629,8.742867],[77.186071,8.744079],[77.188923,8.744245],[77.190362,8.743324],[77.19216,8.744327],[77.192926,8.74501],[77.194491,8.7474],[77.19686,8.749665],[77.19747,8.750842],[77.197635,8.752235],[77.198382,8.753465],[77.19833,8.755274],[77.199642,8.760018],[77.200195,8.76275],[77.19932,8.76501],[77.197152,8.766714],[77.196951,8.767962],[77.197471,8.769037],[77.198451,8.769705],[77.204321,8.76934],[77.206355,8.768518],[77.208075,8.765995],[77.208888,8.765456],[77.209726,8.765329],[77.213007,8.766878],[77.21472,8.767206],[77.215904,8.768244],[77.217882,8.768144],[77.219086,8.769823],[77.216864,8.77328],[77.214556,8.774878],[77.213098,8.77865],[77.213954,8.779561],[77.215412,8.779707],[77.219971,8.779181],[77.221767,8.7812],[77.224661,8.783739],[77.2298,8.784528],[77.230046,8.786869],[77.231194,8.790769],[77.23072,8.792701],[77.231048,8.794159],[77.230464,8.797438],[77.23247,8.800446],[77.23267,8.803016],[77.231944,8.807639],[77.235477,8.807608],[77.238083,8.809139],[77.240415,8.809668],[77.242329,8.809686],[77.2431,8.810488],[77.24417,8.812638],[77.246989,8.814743],[77.247944,8.816918],[77.246812,8.818853],[77.246448,8.821513],[77.247104,8.823354],[77.248539,8.825447],[77.25155,8.82709],[77.252769,8.831903],[77.254156,8.833104],[77.256617,8.834489],[77.257601,8.835418],[77.258741,8.83862],[77.261537,8.840648],[77.262886,8.842222],[77.260699,8.846025],[77.260516,8.848102],[77.258285,8.849789],[77.259113,8.853168],[77.261772,8.852591],[77.261519,8.85643],[77.259678,8.857032],[77.257072,8.859],[77.255869,8.860276],[77.255396,8.862153],[77.256052,8.86352],[77.258075,8.864558],[77.258639,8.86589],[77.257529,8.867577],[77.257054,8.869552],[77.2571,8.873484],[77.256371,8.878809],[77.254849,8.87963],[77.245846,8.879684],[77.243865,8.880586],[77.237481,8.885657],[77.238309,8.889482],[77.238762,8.892954],[77.240168,8.894555],[77.238861,8.897661],[77.234663,8.89977],[77.231521,8.901905],[77.226343,8.904177],[77.225016,8.904123],[77.222829,8.90312],[77.221481,8.903703],[77.220716,8.905031],[77.220237,8.906784],[77.219978,8.910423],[77.219549,8.912743],[77.218644,8.914035],[77.218192,8.918617],[77.214187,8.917419],[77.209894,8.918431],[77.206715,8.920516],[77.202017,8.924041],[77.200476,8.924693],[77.196878,8.924078],[77.19481,8.924077],[77.193215,8.9257],[77.19258,8.926673],[77.192329,8.928027],[77.193981,8.93104],[77.195726,8.932395],[77.196917,8.934126],[77.197133,8.935577],[77.196787,8.937272],[77.194074,8.942812],[77.193871,8.943833],[77.194823,8.946798],[77.196787,8.951177],[77.196701,8.953556],[77.194728,8.957264],[77.193253,8.95838],[77.191036,8.959522],[77.190661,8.965309],[77.188496,8.967618],[77.185014,8.970607],[77.18321,8.969419],[77.18117,8.968808],[77.178673,8.968964],[77.177668,8.96941],[77.176792,8.974135],[77.17603,8.976016],[77.175454,8.978808],[77.175673,8.982399],[77.174399,8.985114],[77.173654,8.987338],[77.17367,8.989702],[77.173408,8.991447],[77.171448,8.992321],[77.169285,8.992975],[77.161688,8.994974],[77.160515,8.996756],[77.158617,8.998915],[77.158689,9.000758],[77.157835,9.002138],[77.156189,9.003684],[77.156849,9.007462],[77.154775,9.006963],[77.153168,9.007024],[77.151291,9.007936],[77.14938,9.009603],[77.150703,9.012801],[77.150744,9.01456],[77.150342,9.016438],[77.149141,9.018788],[77.146542,9.021764],[77.152585,9.022023],[77.153988,9.022533],[77.161208,9.029531],[77.162099,9.033453],[77.160481,9.035811],[77.163773,9.038011],[77.165617,9.041932],[77.167492,9.045368],[77.172675,9.047045],[77.180825,9.047604],[77.183775,9.047081],[77.185507,9.04598],[77.18726,9.043097],[77.18906,9.043564],[77.19101,9.04339],[77.192701,9.043926],[77.194181,9.045258],[77.19745,9.046934],[77.19544,9.048968],[77.19522,9.049978],[77.195586,9.052399],[77.196998,9.057101],[77.199366,9.059264],[77.200271,9.061284],[77.204614,9.065562],[77.20569,9.066398],[77.206747,9.070736],[77.208804,9.073863],[77.209092,9.075103],[77.208396,9.076084],[77.207486,9.076843],[77.206017,9.082071],[77.20568,9.084941],[77.206573,9.085196],[77.206915,9.086607],[77.209204,9.089916],[77.210401,9.093944],[77.21016,9.096024],[77.21248,9.100467],[77.214086,9.099873],[77.215896,9.100325],[77.218661,9.101463],[77.219221,9.102163],[77.219954,9.104026],[77.221048,9.105882],[77.224777,9.106801],[77.226018,9.107721],[77.226965,9.109153],[77.22713,9.111166],[77.226785,9.11297],[77.228507,9.116851],[77.231194,9.117344],[77.234771,9.119377],[77.236643,9.121207],[77.239446,9.122691],[77.241873,9.12487],[77.24295,9.125252],[77.246933,9.124831],[77.249414,9.12964],[77.251787,9.134802],[77.252492,9.13778],[77.252636,9.139238],[77.25607,9.140561],[77.257501,9.142992],[77.260495,9.144364],[77.260461,9.147855],[77.261246,9.149545],[77.266512,9.152078],[77.267142,9.153935],[77.266476,9.156033],[77.265595,9.157159],[77.265872,9.160545],[77.265239,9.163114],[77.266936,9.16865],[77.267082,9.173166],[77.266986,9.174913],[77.266128,9.175832],[77.265091,9.181838],[77.263888,9.18397],[77.262289,9.183161],[77.261355,9.183077],[77.258481,9.184531],[77.254156,9.18736],[77.251514,9.188369],[77.251769,9.189729],[77.252882,9.191451],[77.255651,9.194522],[77.2564,9.196298],[77.255578,9.197966],[77.255998,9.199106],[77.259684,9.198288],[77.263656,9.19827],[77.266241,9.20022],[77.267387,9.200591],[77.270157,9.200394],[77.270773,9.201944],[77.270537,9.204888],[77.271998,9.207188],[77.275087,9.210099],[77.275442,9.211562],[77.277266,9.212702],[77.278927,9.215038],[77.281849,9.216962],[77.281712,9.220244],[77.279676,9.221792],[77.277554,9.22685],[77.275142,9.230339],[77.274099,9.23549],[77.27818,9.238074],[77.279292,9.241674],[77.279193,9.244182],[77.27779,9.247168],[77.278399,9.250044],[77.279541,9.25206],[77.281845,9.254712],[77.282772,9.257291],[77.282824,9.259685],[77.281618,9.262815],[77.283004,9.266288],[77.282995,9.269947],[77.282431,9.27254],[77.282709,9.273062],[77.284833,9.274121],[77.287337,9.274267],[77.288437,9.274693],[77.288184,9.280717],[77.285109,9.285906],[77.283865,9.289955],[77.283291,9.291239],[77.283344,9.29268],[77.283816,9.293911],[77.282212,9.298581],[77.283028,9.301265],[77.284508,9.300791],[77.285687,9.300879],[77.287069,9.301743],[77.288828,9.301824],[77.289497,9.303962],[77.292438,9.304188],[77.293976,9.305113],[77.296186,9.308267],[77.297377,9.308339],[77.297776,9.309598],[77.299557,9.310851],[77.299384,9.312932],[77.299511,9.314258],[77.302891,9.318897],[77.302026,9.321074],[77.301981,9.323427],[77.300883,9.325844],[77.298539,9.32774],[77.29701,9.328687],[77.297183,9.329753],[77.298459,9.330191],[77.300984,9.33],[77.300359,9.33201],[77.3004,9.333672],[77.299962,9.334719],[77.300074,9.336658],[77.301686,9.337405],[77.303206,9.337016],[77.304638,9.337748],[77.306138,9.337779],[77.309856,9.336557],[77.310979,9.335403],[77.315194,9.334873],[77.317973,9.335455],[77.320286,9.337615],[77.325249,9.3371],[77.325157,9.343856],[77.326179,9.346749],[77.329986,9.350902],[77.330711,9.352607],[77.333334,9.356351],[77.335942,9.361634],[77.335454,9.362711],[77.335654,9.363951],[77.336665,9.364279],[77.337133,9.365067],[77.337869,9.368484],[77.336063,9.372339],[77.336652,9.37508],[77.336611,9.377181],[77.334462,9.378328],[77.334542,9.381091],[77.335041,9.381723],[77.335797,9.385566],[77.33673,9.387467],[77.339299,9.387259],[77.341436,9.389838],[77.340206,9.391912],[77.339745,9.393196],[77.340018,9.39423],[77.343513,9.400613],[77.34369,9.40239],[77.342716,9.403633],[77.338573,9.40789],[77.33694,9.410372],[77.3364,9.411966],[77.336572,9.413442],[77.33946,9.420339],[77.340543,9.421242],[77.343937,9.423361],[77.344511,9.424363],[77.345475,9.426989],[77.345513,9.429193],[77.347071,9.43251],[77.348583,9.434522],[77.348721,9.43948],[77.349322,9.441102],[77.352179,9.444303],[77.356643,9.447701],[77.358692,9.453736],[77.361988,9.457203],[77.365905,9.460054],[77.37285,9.456694],[77.37428,9.453485],[77.377247,9.452811],[77.379228,9.454123],[77.381524,9.455208],[77.383328,9.45436],[77.387217,9.455771],[77.392534,9.459451],[77.391684,9.460634],[77.391492,9.461859],[77.392479,9.463757],[77.392336,9.465495],[77.391546,9.468752],[77.39675,9.471117],[77.398298,9.47252],[77.398752,9.474481],[77.399939,9.475618],[77.401632,9.476781],[77.401998,9.478702],[77.399275,9.479944],[77.398618,9.481705],[77.399539,9.484512],[77.398647,9.487533],[77.398333,9.492215],[77.398846,9.493624],[77.398896,9.495382],[77.399457,9.496779],[77.400974,9.499524],[77.402093,9.500647],[77.407609,9.505243],[77.409689,9.505633],[77.411701,9.507409],[77.412361,9.509002],[77.41158,9.511684],[77.409588,9.512448],[77.408659,9.514153],[77.407958,9.514931],[77.405062,9.515327],[77.403089,9.517212],[77.400431,9.51786],[77.401141,9.519167],[77.402772,9.521212],[77.403217,9.522651],[77.402994,9.524181],[77.402447,9.525278],[77.401898,9.526163],[77.400388,9.527456],[77.397452,9.524276],[77.393398,9.521889],[77.388905,9.519903],[77.385226,9.519191],[77.380388,9.525264],[77.376427,9.525152],[77.375182,9.526345],[77.373588,9.526658],[77.372911,9.53],[77.36945,9.533452],[77.368731,9.534892],[77.365434,9.535214],[77.364876,9.541721],[77.364204,9.544897],[77.365112,9.549957],[77.365097,9.5526],[77.363373,9.555585],[77.361766,9.557403],[77.356516,9.558023],[77.352908,9.559608],[77.352376,9.561102],[77.352397,9.562943],[77.350265,9.566889],[77.35288,9.572683],[77.3534,9.573358],[77.354606,9.573946],[77.358187,9.573918],[77.358479,9.575674],[77.359277,9.576474],[77.359901,9.577454],[77.359965,9.578374],[77.358598,9.583131],[77.357482,9.585022],[77.354973,9.586583],[77.356227,9.588985],[77.357537,9.594544],[77.358739,9.596229],[77.361061,9.59789],[77.361509,9.596357],[77.362261,9.595651],[77.363596,9.595337],[77.365393,9.595464],[77.36612,9.595974],[77.365856,9.597227],[77.3658,9.599693],[77.362876,9.600129],[77.361733,9.600945],[77.361168,9.602229],[77.354556,9.604099],[77.351905,9.599205],[77.348946,9.594297],[77.348019,9.591011],[77.347554,9.590115],[77.345869,9.58868],[77.343691,9.583659],[77.342499,9.581793],[77.342014,9.580365],[77.3418,9.576312],[77.339477,9.573351],[77.337937,9.575354],[77.336067,9.576761],[77.334627,9.576701],[77.333476,9.578192],[77.332133,9.578905],[77.325321,9.580051],[77.324911,9.581471],[77.325585,9.582707],[77.325563,9.583391],[77.325171,9.584015],[77.324291,9.584561],[77.32388,9.585392],[77.325745,9.587427],[77.326118,9.588443],[77.325936,9.589741],[77.325007,9.591113],[77.324483,9.592571],[77.32474,9.593847],[77.326416,9.596148],[77.329475,9.59805],[77.329921,9.598815],[77.329366,9.599519],[77.32815,9.600257],[77.324818,9.59766],[77.321234,9.598823],[77.317833,9.602557],[77.314532,9.600553],[77.311259,9.600553],[77.306387,9.599075],[77.303816,9.598809],[77.300104,9.595436],[77.299516,9.593768],[77.297001,9.592097],[77.296012,9.590851],[77.294056,9.588958],[77.290021,9.588703],[77.290355,9.584811],[77.286507,9.582565],[77.280606,9.579631],[77.276915,9.575652],[77.272055,9.576467],[77.269884,9.572816],[77.263813,9.573721],[77.261502,9.576822],[77.259933,9.577053],[77.25833,9.576588],[77.257829,9.578165],[77.253315,9.582867],[77.250599,9.583191],[77.242705,9.585183],[77.237113,9.580892],[77.234219,9.581573],[77.233253,9.583432],[77.227859,9.587386],[77.225063,9.5908],[77.222574,9.592607],[77.221862,9.595024],[77.222268,9.597708],[77.221893,9.597639],[77.221798,9.59814],[77.221228,9.598597],[77.219128,9.599623],[77.218278,9.601045],[77.217175,9.601565],[77.215842,9.600883],[77.214392,9.600758],[77.212869,9.602212],[77.211327,9.604181],[77.209834,9.604975],[77.209726,9.608139],[77.210482,9.610891],[77.210186,9.612271],[77.208842,9.613526],[77.207617,9.613082],[77.203226,9.614503],[77.198284,9.614444],[77.197122,9.610884],[77.194942,9.610339],[77.193781,9.609505],[77.192862,9.609925],[77.192199,9.609852],[77.190577,9.609118],[77.188883,9.606367],[77.188245,9.606084],[77.186887,9.606321],[77.185673,9.6068],[77.183183,9.608225],[77.181704,9.609335],[77.17789,9.610176],[77.176982,9.610572],[77.17567,9.610444],[77.174171,9.611337],[77.172966,9.611181],[77.170649,9.609765],[77.169515,9.609948],[77.168784,9.610836],[77.167609,9.611444],[77.165861,9.61279],[77.165797,9.613975],[77.167896,9.615111],[77.168412,9.618035],[77.168961,9.619811],[77.168362,9.622087],[77.169281,9.624004],[77.171632,9.62592],[77.174513,9.626307],[77.176331,9.629329],[77.174059,9.633057],[77.174407,9.635188],[77.174091,9.637221],[77.17541,9.638359],[77.176176,9.639352],[77.177151,9.641953],[77.179274,9.64481],[77.17945,9.645814],[77.179064,9.648774],[77.179401,9.650888],[77.179625,9.656415],[77.181552,9.659578],[77.182881,9.660514],[77.18465,9.661029],[77.187456,9.661458],[77.187347,9.662542],[77.186363,9.664405],[77.186377,9.665573],[77.18695,9.666527],[77.187791,9.667048],[77.191299,9.668319],[77.193591,9.669867],[77.194573,9.67159],[77.194679,9.673957],[77.199858,9.684113],[77.200505,9.685942],[77.201882,9.687583],[77.202707,9.689784],[77.206085,9.693836],[77.206724,9.694885],[77.206765,9.695687],[77.20553,9.697269],[77.204933,9.700807],[77.204332,9.70217],[77.202026,9.703614],[77.203548,9.710972],[77.205359,9.713062],[77.204751,9.716622],[77.20607,9.717807],[77.205676,9.720252],[77.203692,9.721834],[77.204387,9.723292],[77.206272,9.723486],[77.207539,9.72413],[77.211567,9.724258],[77.213734,9.725248],[77.215467,9.726536],[77.218784,9.726051],[77.220861,9.729907],[77.22354,9.729852],[77.223917,9.731027],[77.222775,9.733971],[77.222022,9.738907],[77.222702,9.73993],[77.21995,9.742008],[77.22026,9.744212],[77.222725,9.750291],[77.223941,9.75112],[77.225135,9.752468],[77.225153,9.755913],[77.226711,9.757198],[77.226246,9.761116],[77.228279,9.765117],[77.228397,9.765799],[77.230174,9.76671],[77.232415,9.768496],[77.231554,9.769395],[77.22826,9.771221],[77.22667,9.774276],[77.225031,9.775519],[77.224132,9.77841],[77.224506,9.781244],[77.223209,9.785058],[77.223558,9.786556],[77.222734,9.787854],[77.225526,9.788607],[77.228087,9.788288],[77.230082,9.788424],[77.234641,9.789534],[77.236078,9.790064],[77.238183,9.791978],[77.239108,9.795691],[77.240108,9.796811],[77.241819,9.795778],[77.246685,9.79791],[77.24572,9.801833],[77.245126,9.802849],[77.246156,9.804097],[77.246274,9.806557],[77.246897,9.808129],[77.245965,9.808571],[77.243869,9.81251],[77.242165,9.812917],[77.241163,9.815742],[77.240092,9.816452],[77.234754,9.816324],[77.232561,9.817328],[77.232931,9.821507],[77.226875,9.821392],[77.224926,9.820237],[77.224701,9.821281],[77.224232,9.822121],[77.221984,9.822532],[77.223977,9.823888],[77.223799,9.828612],[77.226401,9.830121],[77.226583,9.831998],[77.225654,9.832909],[77.227558,9.837908],[77.225563,9.841092],[77.224761,9.840928],[77.222643,9.844862],[77.226399,9.846198],[77.228064,9.849038],[77.235098,9.850419],[77.23705,9.851372],[77.235963,9.854217],[77.236458,9.859462],[77.23305,9.86136],[77.231466,9.861355],[77.226128,9.860792],[77.221935,9.862954],[77.21964,9.864601],[77.218505,9.867709],[77.21738,9.868446],[77.213052,9.875486],[77.212227,9.877575],[77.215212,9.877376],[77.216651,9.879399],[77.216378,9.882205],[77.217379,9.884214],[77.220861,9.884417],[77.219039,9.890534],[77.218036,9.896201],[77.218475,9.899964],[77.217957,9.902107],[77.218261,9.904291],[77.222542,9.90582],[77.223212,9.908211],[77.224534,9.909617],[77.230246,9.91253],[77.230064,9.915227],[77.230866,9.917323],[77.230866,9.920166],[77.230319,9.921113],[77.23146,9.922896],[77.23165,9.923993],[77.23298,9.92505],[77.234383,9.925123],[77.234821,9.926271],[77.235586,9.926453],[77.235768,9.92895],[77.234438,9.930845],[77.236969,9.936165],[77.242621,9.941397],[77.246208,9.945747],[77.248106,9.947083],[77.247104,9.948704],[77.246539,9.951347],[77.249216,9.952427],[77.250184,9.951274],[77.252986,9.952549],[77.257254,9.95224],[77.257728,9.952823],[77.260871,9.952598],[77.262029,9.953844],[77.263013,9.954245],[77.264143,9.955794],[77.267916,9.959965],[77.27105,9.962391],[77.271925,9.961498],[77.272892,9.964661],[77.272118,9.969947],[77.271024,9.970778],[77.271421,9.973257],[77.271372,9.974401],[77.272617,9.97635],[77.268098,9.980123],[77.267027,9.983496],[77.264529,9.987133],[77.266877,9.989636],[77.266415,9.990324],[77.260791,9.991093],[77.260122,9.995705],[77.265147,10.002063],[77.258117,10.008242],[77.256161,10.009081],[77.254885,10.010265],[77.253124,10.012719],[77.253865,10.014019],[77.255965,10.014647],[77.257437,10.01925],[77.259022,10.019359],[77.260225,10.019887],[77.26155,10.02119],[77.261897,10.021776],[77.26249,10.023625],[77.261838,10.03015],[77.258166,10.03474],[77.255233,10.036151],[77.254499,10.036796],[77.252698,10.040517],[77.250815,10.042009],[77.249041,10.045236],[77.24601,10.048463],[77.244322,10.052183],[77.241673,10.053493],[77.237172,10.056831],[77.234501,10.059786],[77.232396,10.064098],[77.231668,10.066176],[77.230271,10.067155],[77.22652,10.067917],[77.224971,10.068892],[77.223431,10.069078],[77.22293,10.073001],[77.219992,10.077021],[77.216269,10.079872],[77.21395,10.08027],[77.203594,10.088218],[77.203195,10.089234],[77.203465,10.093648],[77.203931,10.095982],[77.20394,10.097563],[77.203156,10.10052],[77.203005,10.103813],[77.202446,10.105094],[77.201265,10.105828],[77.202302,10.108881],[77.204636,10.112856],[77.206446,10.112557],[77.207667,10.115345],[77.207767,10.117614],[77.208865,10.11804],[77.210255,10.11827],[77.212032,10.117724],[77.213298,10.11642],[77.216479,10.115839],[77.216874,10.116618],[77.217754,10.11745],[77.219711,10.118153],[77.222928,10.118329],[77.226154,10.120704],[77.227103,10.121204],[77.230392,10.120411],[77.229941,10.122457],[77.232588,10.123901],[77.232151,10.125195],[77.233349,10.126447],[77.233508,10.127764],[77.234608,10.128484],[77.236443,10.128995],[77.237937,10.129924],[77.244805,10.130735],[77.245864,10.129997],[77.247602,10.130345],[77.248177,10.129892],[77.249186,10.126554],[77.250946,10.125794],[77.252705,10.124315],[77.254014,10.124252],[77.255602,10.124822],[77.256739,10.123893],[77.257941,10.123956],[77.266501,10.121825],[77.267761,10.121683],[77.267103,10.124019],[77.267332,10.125493],[77.268371,10.127108],[77.270831,10.127528],[77.272855,10.128557],[77.274214,10.129718],[77.274731,10.132193],[77.274145,10.135688],[77.274713,10.137314],[77.274631,10.13971],[77.273811,10.139993],[77.272602,10.140107],[77.271979,10.141378],[77.271835,10.142523],[77.272452,10.146445],[77.273541,10.147903],[77.272991,10.150818],[77.273556,10.151219],[77.273439,10.155886],[77.274121,10.157233],[77.274075,10.158135],[77.273183,10.160919],[77.272903,10.164932],[77.274258,10.170463],[77.274011,10.172668],[77.274677,10.172987],[77.274658,10.174864],[77.275158,10.175277],[77.276298,10.175648],[77.275515,10.17809],[77.275261,10.184182],[77.275934,10.18651],[77.27731,10.188538],[77.277465,10.191722],[77.27895,10.195093],[77.280709,10.194346],[77.281365,10.195512],[77.283154,10.19655],[77.28481,10.200528],[77.284878,10.202789],[77.285848,10.204351],[77.284531,10.205554],[77.283295,10.208582],[77.28736,10.209636],[77.287215,10.210875],[77.288834,10.213779],[77.290621,10.215155],[77.294226,10.216253],[77.295342,10.220033],[77.292874,10.223644],[77.288297,10.231905],[77.284698,10.233167],[77.281019,10.23662],[77.280085,10.235459],[77.277414,10.235912],[77.276877,10.234973],[77.271341,10.235269],[77.269421,10.236799],[77.268251,10.234645],[77.265118,10.235005],[77.265012,10.232962],[77.259011,10.230337],[77.259186,10.231944],[77.258075,10.247019],[77.257615,10.251048],[77.257168,10.257461],[77.25721,10.259291],[77.259529,10.261181],[77.263138,10.263278],[77.259015,10.268384],[77.250409,10.279789],[77.248564,10.282449],[77.247062,10.285869],[77.242821,10.290477],[77.242189,10.292252],[77.240693,10.29371],[77.239559,10.295544],[77.240033,10.297931],[77.239559,10.298897],[77.23721,10.301244],[77.236376,10.303477],[77.235748,10.307377],[77.234966,10.308556],[77.233192,10.307651],[77.232084,10.308607],[77.231827,10.311542],[77.231076,10.312998],[77.230356,10.313949],[77.22908,10.314244],[77.22863,10.319479],[77.229767,10.320915],[77.23026,10.322414],[77.229874,10.323575],[77.230368,10.324884],[77.230067,10.326108],[77.229059,10.326762],[77.228788,10.327873],[77.23026,10.330288],[77.230582,10.332673],[77.233362,10.33447],[77.233372,10.337338],[77.23644,10.338351],[77.236315,10.345951],[77.235657,10.350199],[77.236757,10.352205],[77.230413,10.352571],[77.225437,10.353539],[77.221858,10.353937],[77.218897,10.353427],[77.213987,10.353422],[77.210194,10.353427],[77.208286,10.354124],[77.206875,10.354229],[77.205401,10.353932],[77.204152,10.354703],[77.203698,10.356707],[77.202009,10.357929],[77.197475,10.356549],[77.197153,10.355275],[77.196887,10.355039],[77.194698,10.354806],[77.192459,10.355127],[77.191404,10.355764],[77.187797,10.355602],[77.176932,10.358325],[77.174975,10.357534],[77.174695,10.356479],[77.170193,10.354375],[77.165533,10.350653],[77.161725,10.348479],[77.149721,10.336298],[77.147692,10.335236],[77.138285,10.331439],[77.128356,10.325832],[77.120441,10.318006],[77.110588,10.31559],[77.107151,10.315206],[77.105258,10.315811],[77.101552,10.315476],[77.100765,10.314059],[77.098746,10.31323],[77.09703,10.309388],[77.095569,10.30876],[77.094884,10.310148],[77.091751,10.31247],[77.091512,10.314257],[77.08022,10.303691],[77.074918,10.300251],[77.071498,10.298691],[77.066367,10.297555],[77.064886,10.296974],[77.063668,10.293829],[77.062662,10.292365],[77.062405,10.291665],[77.061413,10.29129],[77.059762,10.290068],[77.058916,10.289754],[77.058545,10.28933],[77.058074,10.288036],[77.057052,10.28695],[77.056606,10.286858],[77.056133,10.287371],[77.055777,10.287432],[77.05516,10.2871],[77.054315,10.287026],[77.053831,10.286437],[77.052247,10.285406],[77.051033,10.285146],[77.050325,10.285331],[77.048164,10.284879],[77.047026,10.284967],[77.046125,10.284298],[77.043523,10.283785],[77.043192,10.282706],[77.043282,10.282443],[77.044509,10.282228],[77.046029,10.281382],[77.046183,10.280799],[77.046685,10.280192],[77.04762,10.279831],[77.048369,10.279827],[77.049852,10.277917],[77.051307,10.27446],[77.051584,10.274098],[77.05225,10.273751],[77.052281,10.27348],[77.051595,10.272812],[77.051524,10.27252],[77.05191,10.271817],[77.051716,10.269804],[77.050857,10.267546],[77.05169,10.265563],[77.050989,10.262385],[77.050574,10.261884],[77.049481,10.26129],[77.04774,10.259846],[77.046757,10.259284],[77.046398,10.257127],[77.04534,10.255989],[77.043857,10.255388],[77.042569,10.254583],[77.041489,10.25337],[77.040748,10.252984],[77.038829,10.252893],[77.038249,10.253378],[77.037379,10.252959],[77.036898,10.252328],[77.035566,10.25176],[77.032136,10.251911],[77.030679,10.251147],[77.027808,10.250421],[77.026914,10.249716],[77.025975,10.250013],[77.024693,10.249887],[77.023988,10.248954],[77.020192,10.247537],[77.01908,10.246979],[77.017548,10.245766],[77.016593,10.245519],[77.014201,10.246003],[77.012756,10.242929],[77.012057,10.242643],[77.011207,10.240288],[77.010387,10.240088],[77.008881,10.240227],[77.007747,10.239347],[77.006209,10.239057],[77.004649,10.237737],[77.00418,10.23515],[77.003362,10.234302],[77.002467,10.234323],[77.001704,10.235268],[77.001235,10.235268],[77.000482,10.23398],[76.999371,10.232917],[76.999433,10.23111],[76.998615,10.230488],[76.997921,10.23026],[76.996718,10.231095],[76.995807,10.231308],[76.994897,10.230822],[76.993015,10.230321],[76.992336,10.229334],[76.991658,10.228879],[76.990778,10.228757],[76.990439,10.227998],[76.990933,10.22645],[76.990855,10.225964],[76.988881,10.22522],[76.987444,10.22395],[76.986434,10.223356],[76.98416,10.223095],[76.983574,10.222411],[76.98416,10.221258],[76.983914,10.220635],[76.982463,10.220423],[76.981939,10.220772],[76.980551,10.223672],[76.979641,10.224233],[76.977897,10.224309],[76.976787,10.225387],[76.975537,10.225417],[76.973131,10.225842],[76.972529,10.227194],[76.972452,10.228332],[76.971249,10.229729],[76.970238,10.230268],[76.967562,10.231391],[76.96615,10.230943],[76.965229,10.23122],[76.963222,10.232573],[76.958837,10.234258],[76.95623,10.234323],[76.954965,10.233925],[76.953689,10.232562],[76.953176,10.23238],[76.950754,10.232444],[76.9489,10.233496],[76.947842,10.235278],[76.947283,10.237114],[76.943789,10.237021],[76.939761,10.239267],[76.938537,10.239474],[76.937724,10.239085],[76.936416,10.237607],[76.934107,10.236085],[76.932996,10.23599],[76.932526,10.236884],[76.929008,10.234667],[76.926858,10.233652],[76.925659,10.233182],[76.923181,10.232672],[76.920574,10.232497],[76.917689,10.233082],[76.911969,10.235103],[76.910572,10.235857],[76.909496,10.236877],[76.909782,10.238782],[76.908955,10.240205],[76.90765,10.24098],[76.906248,10.240842],[76.90523,10.240316],[76.903138,10.240186],[76.905606,10.24778],[76.904511,10.25082],[76.903353,10.251644],[76.901418,10.251258],[76.899526,10.257283],[76.898499,10.259993],[76.897188,10.262752],[76.89651,10.263078],[76.891444,10.263077],[76.883955,10.270963],[76.874547,10.275465],[76.873448,10.276642],[76.87319,10.282277],[76.874579,10.293787],[76.873247,10.298642],[76.870694,10.299295],[76.869393,10.298787],[76.869572,10.297286],[76.867203,10.295386],[76.865214,10.296138],[76.86414,10.295721],[76.863028,10.294815],[76.8634,10.293015],[76.862238,10.292214],[76.860187,10.291981],[76.859513,10.292122],[76.858247,10.292975],[76.858674,10.29372],[76.858189,10.294096],[76.857621,10.294055],[76.857079,10.293568],[76.856268,10.293888],[76.854429,10.292572],[76.853729,10.292599],[76.85307,10.291286],[76.851864,10.290682],[76.851016,10.290706],[76.850787,10.2882],[76.852294,10.286603],[76.851925,10.284922],[76.851139,10.284867],[76.850593,10.285568],[76.850092,10.285628],[76.849604,10.285563],[76.849116,10.285032],[76.848249,10.285096],[76.848309,10.286283],[76.84887,10.286826],[76.848488,10.287451],[76.847467,10.288038],[76.845505,10.288182],[76.84478,10.288438],[76.844355,10.289346],[76.843662,10.288836],[76.843211,10.288803],[76.841865,10.290653],[76.842039,10.293007],[76.842443,10.293445],[76.843186,10.293394],[76.843993,10.293653],[76.844797,10.294351],[76.844934,10.295085],[76.840337,10.300004],[76.839114,10.300273],[76.838075,10.301722],[76.83503,10.302902],[76.832887,10.303009],[76.831725,10.303352],[76.830831,10.30338],[76.830193,10.303945],[76.829876,10.306908],[76.828695,10.307913],[76.830321,10.309631],[76.830667,10.314752],[76.83269,10.317394],[76.834376,10.323265],[76.835296,10.32862],[76.836079,10.329878],[76.835697,10.332166],[76.836362,10.334383],[76.837082,10.335691],[76.837778,10.336325],[76.837282,10.339482],[76.835984,10.340332],[76.836275,10.343206],[76.836228,10.346179],[76.838497,10.348257],[76.840109,10.350037],[76.84177,10.350581],[76.841948,10.35366],[76.845404,10.356477],[76.846293,10.357996],[76.844988,10.363048],[76.848745,10.367365],[76.848595,10.368825],[76.845483,10.373214],[76.844197,10.375425],[76.843989,10.377424],[76.842002,10.37788],[76.836644,10.382946],[76.834167,10.383302],[76.830683,10.389539],[76.823702,10.395173],[76.828637,10.399436],[76.834051,10.403265],[76.832453,10.405908],[76.832842,10.406816],[76.832667,10.408201],[76.830348,10.411319],[76.827357,10.41135],[76.825763,10.409453],[76.824658,10.409963],[76.824286,10.411402],[76.822468,10.414633],[76.823117,10.417122],[76.819625,10.42092],[76.816235,10.423242],[76.822613,10.438136],[76.826062,10.44502],[76.828389,10.450156],[76.828122,10.452996],[76.828808,10.466959],[76.829777,10.476503],[76.831012,10.498966],[76.841737,10.535557],[76.843107,10.537276],[76.842107,10.540823],[76.840035,10.542251],[76.835314,10.544989],[76.835031,10.546884],[76.835203,10.552116],[76.835847,10.55528],[76.835568,10.557748],[76.8384,10.560132],[76.839194,10.561355],[76.838755,10.562537],[76.838445,10.56459],[76.83751,10.565496],[76.836562,10.566034],[76.834813,10.568348],[76.834922,10.569997],[76.834558,10.570225],[76.83433,10.572357],[76.833669,10.573729],[76.833572,10.574602],[76.833856,10.575674],[76.834774,10.577724],[76.835533,10.578353],[76.835451,10.579273],[76.837054,10.581406],[76.837628,10.581141],[76.837665,10.581734],[76.836981,10.582207],[76.836991,10.582627],[76.837911,10.583401],[76.837674,10.583839],[76.836827,10.584203],[76.837082,10.58495],[76.836613,10.585689],[76.837567,10.586493],[76.83731,10.587228],[76.837656,10.588322],[76.838385,10.589087],[76.837435,10.591138],[76.838357,10.594757],[76.838164,10.597297],[76.837546,10.598099],[76.836926,10.598489],[76.833593,10.598965],[76.831684,10.599449],[76.831414,10.598609],[76.830785,10.598445],[76.830384,10.597807],[76.828571,10.597753],[76.827623,10.596896],[76.826458,10.596692],[76.825592,10.59716],[76.824972,10.597807],[76.824455,10.597708],[76.823004,10.599292],[76.822096,10.599476],[76.821473,10.600276],[76.818858,10.602618],[76.817726,10.602766],[76.816792,10.604806],[76.816349,10.606374],[76.815559,10.607885],[76.817874,10.609416],[76.818418,10.610835],[76.81813,10.611715],[76.816439,10.613511],[76.816449,10.616954],[76.815309,10.617278],[76.814346,10.618894],[76.811782,10.619864],[76.810999,10.621636],[76.81087,10.623323],[76.811283,10.624683],[76.813703,10.628807],[76.814878,10.629643],[76.814604,10.631759],[76.814465,10.635834],[76.821577,10.634848],[76.826212,10.636061],[76.83023,10.63739],[76.831317,10.637229],[76.839202,10.634689],[76.841898,10.634923],[76.845074,10.635555],[76.847992,10.635471],[76.851168,10.635049],[76.856661,10.633193],[76.862025,10.632476],[76.866317,10.633109],[76.87012,10.635041],[76.871154,10.636031],[76.87417,10.638107],[76.876908,10.638727],[76.879427,10.63895],[76.881268,10.639511],[76.882551,10.63944],[76.882888,10.640448],[76.883024,10.646001],[76.883884,10.647428],[76.884045,10.648906],[76.883104,10.653552],[76.8821,10.654475],[76.88137,10.656401],[76.881293,10.658211],[76.881613,10.660331],[76.881082,10.662023],[76.880233,10.663434],[76.878679,10.66531],[76.87829,10.666701],[76.877903,10.669047],[76.878625,10.671926],[76.878669,10.673191],[76.878212,10.675591],[76.877703,10.676481],[76.876966,10.676894],[76.873567,10.677142],[76.870096,10.676984],[76.868454,10.678317],[76.867487,10.679645],[76.866286,10.685387],[76.869258,10.689243],[76.870659,10.691879],[76.870969,10.693155],[76.86803,10.694751],[76.869536,10.696392],[76.872245,10.699944],[76.875728,10.70679],[76.878146,10.710831],[76.882803,10.717751],[76.885329,10.718712],[76.886469,10.718883],[76.889435,10.716701],[76.890433,10.716842],[76.89097,10.717526],[76.89213,10.720123],[76.892929,10.721414],[76.891243,10.723799],[76.890567,10.725378],[76.888574,10.728428],[76.888656,10.730937],[76.888355,10.732173],[76.889354,10.735673],[76.890517,10.73787],[76.892765,10.74021],[76.89426,10.742724],[76.895143,10.743536],[76.89618,10.745078],[76.896073,10.749905],[76.896415,10.752369],[76.899878,10.754907],[76.901956,10.757438],[76.903754,10.761577],[76.903754,10.765902],[76.903253,10.768949],[76.902527,10.770651],[76.902868,10.772111],[76.905249,10.772047],[76.906083,10.774089],[76.907314,10.776091],[76.907736,10.777396],[76.907668,10.77954],[76.907215,10.782004],[76.905627,10.7866],[76.905823,10.788139],[76.905385,10.78966],[76.903868,10.793007],[76.902844,10.79784],[76.901431,10.800349],[76.900802,10.80075],[76.90076,10.802006],[76.901179,10.805373],[76.900977,10.80717],[76.899405,10.808478],[76.896014,10.809279],[76.890256,10.809848],[76.884238,10.808587],[76.88118,10.808343],[76.878468,10.809096],[76.872609,10.808448],[76.870158,10.808413],[76.869256,10.80906],[76.868263,10.810268],[76.865311,10.81311],[76.865019,10.81563],[76.864359,10.816879],[76.863145,10.817883],[76.861566,10.818782],[76.860372,10.819274],[76.859262,10.817796],[76.858741,10.81747],[76.857593,10.817662],[76.856135,10.8187],[76.855511,10.818839],[76.854076,10.818427],[76.852928,10.81911],[76.85196,10.819228],[76.850266,10.818764],[76.849596,10.817652],[76.849242,10.81849],[76.848105,10.819243],[76.847649,10.820292],[76.847552,10.822647],[76.847209,10.823437],[76.846522,10.82447],[76.845782,10.824839],[76.844913,10.826067],[76.845224,10.827089],[76.845637,10.827724],[76.846147,10.828069],[76.846442,10.828061],[76.846686,10.827086],[76.847069,10.827025],[76.84752,10.827468],[76.84822,10.829117],[76.848263,10.831342],[76.848673,10.831588],[76.84958,10.831109],[76.850063,10.829955],[76.850489,10.829944],[76.85362,10.834487],[76.853848,10.834981],[76.853471,10.837671],[76.853653,10.838887],[76.852498,10.841494],[76.851689,10.843929],[76.849412,10.846163],[76.849269,10.847953],[76.848035,10.850124],[76.845374,10.851219],[76.842984,10.852479],[76.84181,10.852969],[76.84121,10.852992],[76.840482,10.853748],[76.839575,10.855239],[76.839315,10.856864],[76.839071,10.857104],[76.83762,10.857459],[76.837074,10.858399],[76.835613,10.858893],[76.833484,10.859109],[76.833184,10.860592],[76.832781,10.860861],[76.831628,10.860887],[76.831504,10.861261],[76.831805,10.861451],[76.831775,10.862317],[76.831951,10.862477],[76.83067,10.865173],[76.830606,10.866808],[76.830706,10.867418],[76.831018,10.867787],[76.830397,10.869407],[76.830374,10.869921],[76.830728,10.870683],[76.830605,10.870962],[76.82859,10.871906],[76.828372,10.872698],[76.827969,10.872977],[76.827055,10.872783],[76.826566,10.873085],[76.826198,10.873065],[76.826501,10.87239],[76.826155,10.872033],[76.825254,10.872791],[76.823593,10.872804],[76.82284,10.873404],[76.820503,10.87366],[76.819707,10.874474],[76.819215,10.874351],[76.818527,10.874564],[76.817955,10.874255],[76.817557,10.873615],[76.816684,10.873612],[76.81587,10.874658],[76.815172,10.876286],[76.814545,10.876614],[76.814325,10.876986],[76.813495,10.876503],[76.811954,10.876805],[76.812201,10.878477],[76.811535,10.878951],[76.810699,10.878635],[76.810055,10.877793],[76.80925,10.877972],[76.808177,10.877413],[76.807587,10.877571],[76.806617,10.879191],[76.805806,10.879036],[76.80508,10.879308],[76.804288,10.879342],[76.803516,10.879155],[76.802459,10.880274],[76.796365,10.880562],[76.794034,10.881675],[76.791513,10.88161],[76.791137,10.882586],[76.791215,10.883971],[76.790925,10.885136],[76.789486,10.885587],[76.786248,10.888805],[76.782173,10.88946],[76.78179,10.890357],[76.780651,10.890607],[76.779703,10.890637],[76.776514,10.889369],[76.77511,10.889988],[76.773982,10.889851],[76.771229,10.888013],[76.767768,10.887085],[76.766309,10.88838],[76.76568,10.8892],[76.765809,10.88993],[76.765573,10.890984],[76.764901,10.891402],[76.763295,10.891443],[76.762406,10.892208],[76.761516,10.893328],[76.759578,10.893643],[76.75794,10.893397],[76.754918,10.893524],[76.752455,10.89505],[76.749848,10.892232],[76.744944,10.892584],[76.740837,10.891095],[76.740146,10.891721],[76.739292,10.894439],[76.738,10.895767],[76.734052,10.897452],[76.731641,10.897838],[76.730556,10.899089],[76.727647,10.900071],[76.722679,10.903647],[76.721122,10.904572],[76.719566,10.905139],[76.718008,10.905319],[76.71489,10.908618],[76.712288,10.908272],[76.708434,10.910237],[76.704588,10.909963],[76.699805,10.910516],[76.695407,10.910363],[76.689935,10.913381],[76.675301,10.918775],[76.667541,10.924415],[76.664992,10.926659],[76.662773,10.929188],[76.661512,10.930165],[76.660209,10.930532],[76.65926,10.930481],[76.657998,10.935176],[76.655931,10.938914],[76.658756,10.941318],[76.660023,10.942035],[76.661104,10.942516],[76.664732,10.943428],[76.665688,10.946332],[76.665867,10.947489],[76.663516,10.950952],[76.664057,10.952863],[76.665172,10.955602],[76.666503,10.958003],[76.66731,10.960004],[76.666629,10.967691],[76.668111,10.969854],[76.673604,10.974439],[76.674099,10.975909],[76.686165,10.989591],[76.685643,10.992719],[76.687789,11.001692],[76.688347,11.008811],[76.690667,11.013368],[76.69293,11.016431],[76.693932,11.021206],[76.695556,11.023243],[76.701659,11.028258],[76.70627,11.030318],[76.71014,11.034079],[76.71099,11.039047],[76.712739,11.039193],[76.714015,11.040614],[76.71528,11.041125],[76.718443,11.040596],[76.722242,11.040264],[76.726079,11.041088],[76.728202,11.039639],[76.73253,11.038465],[76.735242,11.03868],[76.736731,11.039557],[76.737774,11.039678],[76.741974,11.038436],[76.745596,11.036276],[76.748978,11.034664],[76.749224,11.033516],[76.751019,11.03378],[76.751819,11.033622],[76.75454,11.032352],[76.761496,11.030702],[76.764001,11.030638],[76.766538,11.029037],[76.768359,11.031192],[76.773842,11.033588],[76.778346,11.034245],[76.783102,11.0346],[76.784748,11.035694],[76.78585,11.035602],[76.789143,11.036187],[76.791686,11.037261],[76.792502,11.038298],[76.793581,11.04144],[76.793167,11.043333],[76.796881,11.046976],[76.800978,11.054293],[76.798468,11.056578],[76.796792,11.056197],[76.795367,11.055449],[76.793672,11.053705],[76.792934,11.052587],[76.792502,11.051144],[76.792478,11.0502],[76.791986,11.048979],[76.790347,11.047586],[76.788468,11.045205],[76.784017,11.043338],[76.780872,11.043013],[76.78043,11.043247],[76.778555,11.042569],[76.777417,11.042411],[76.776495,11.042594],[76.775639,11.043093],[76.774778,11.042553],[76.769982,11.043592],[76.765738,11.045613],[76.764408,11.046852],[76.763116,11.047484],[76.762126,11.048259],[76.761904,11.049754],[76.761962,11.050829],[76.761418,11.051706],[76.761124,11.052797],[76.75983,11.052494],[76.7586,11.05318],[76.757716,11.052852],[76.756811,11.05364],[76.753438,11.054628],[76.751145,11.055574],[76.750026,11.055184],[76.748813,11.055032],[76.747985,11.055485],[76.746499,11.054965],[76.746087,11.055207],[76.745315,11.056688],[76.744613,11.056633],[76.744388,11.057072],[76.745849,11.05867],[76.745866,11.060097],[76.744814,11.060624],[76.743325,11.062261],[76.743098,11.064279],[76.742399,11.066246],[76.742845,11.066811],[76.743684,11.066884],[76.744027,11.067398],[76.743766,11.068296],[76.743128,11.068989],[76.741354,11.069472],[76.740987,11.070392],[76.741096,11.071877],[76.741561,11.073062],[76.742181,11.073283],[76.744645,11.072172],[76.744868,11.073089],[76.744866,11.074393],[76.74534,11.075381],[76.746335,11.075404],[76.747456,11.074183],[76.748354,11.074162],[76.749364,11.07578],[76.749844,11.077552],[76.74977,11.078429],[76.750044,11.078957],[76.751037,11.078985],[76.75234,11.077591],[76.753519,11.077535],[76.754377,11.077929],[76.754563,11.079231],[76.754136,11.0805],[76.754565,11.083069],[76.753793,11.085428],[76.753169,11.086129],[76.752759,11.086985],[76.752723,11.089564],[76.751833,11.092785],[76.7509,11.093418],[76.749587,11.093177],[76.748127,11.092378],[76.746718,11.092361],[76.746123,11.093455],[76.744422,11.097838],[76.74321,11.09986],[76.741223,11.09997],[76.740677,11.101209],[76.739064,11.103378],[76.738927,11.104444],[76.740276,11.104161],[76.740652,11.104744],[76.741132,11.107177],[76.740731,11.108189],[76.740622,11.109073],[76.740977,11.109319],[76.741351,11.109246],[76.742481,11.108243],[76.745424,11.108626],[76.746144,11.109218],[76.746488,11.110062],[76.747538,11.111433],[76.747146,11.113975],[76.747708,11.114667],[76.747821,11.116848],[76.747104,11.118896],[76.747948,11.122768],[76.747227,11.123876],[76.745218,11.130494],[76.746873,11.13024],[76.74762,11.131005],[76.746727,11.132773],[76.747551,11.133365],[76.747956,11.134192],[76.748085,11.136214],[76.746755,11.136761],[76.744952,11.136466],[76.742344,11.133019],[76.741378,11.13208],[76.740148,11.131643],[76.739109,11.131634],[76.738481,11.131998],[76.738298,11.132354],[76.740021,11.132791],[76.74015,11.133357],[76.73828,11.134295],[76.736387,11.134689],[76.735528,11.135361],[76.734973,11.136135],[76.734417,11.136144],[76.734116,11.135725],[76.733998,11.133757],[76.733416,11.133062],[76.731246,11.131014],[76.730216,11.130468],[76.728539,11.129966],[76.72823,11.130021],[76.727984,11.130531],[76.728102,11.131652],[76.728567,11.132973],[76.728494,11.13373],[76.727747,11.13404],[76.727291,11.133939],[76.726717,11.133411],[76.726161,11.133311],[76.725917,11.133701],[76.726043,11.135279],[76.725906,11.136017],[76.724503,11.138103],[76.722182,11.139859],[76.719351,11.140887],[76.719127,11.141794],[76.716995,11.143315],[76.716892,11.143776],[76.71818,11.146861],[76.718097,11.147388],[76.717122,11.147398],[76.716457,11.147726],[76.715774,11.148837],[76.71291,11.147918],[76.710674,11.147749],[76.709122,11.147252],[76.708485,11.146545],[76.708602,11.14594],[76.709018,11.145333],[76.71062,11.144972],[76.711818,11.144246],[76.712675,11.142217],[76.712211,11.141602],[76.711108,11.141338],[76.709045,11.14122],[76.705893,11.141538],[76.704485,11.142166],[76.702206,11.144072],[76.701778,11.144819],[76.700174,11.146213],[76.700001,11.146842],[76.701613,11.146942],[76.701909,11.147403],[76.701723,11.148245],[76.70114,11.149238],[76.700449,11.149737],[76.699682,11.149785],[76.697841,11.149266],[76.696784,11.149457],[76.696092,11.15004],[76.695445,11.151671],[76.696128,11.152254],[76.696657,11.153047],[76.696547,11.154107],[76.696019,11.15517],[76.695299,11.155662],[76.692839,11.155999],[76.691463,11.157977],[76.690378,11.158451],[76.689677,11.159475],[76.689486,11.160692],[76.689968,11.162187],[76.69171,11.163203],[76.692831,11.171992],[76.694376,11.172845],[76.696007,11.175139],[76.700685,11.175255],[76.701264,11.175665],[76.70106,11.176581],[76.700031,11.178518],[76.699773,11.179844],[76.69988,11.181265],[76.700975,11.181812],[76.702026,11.181633],[76.703474,11.181054],[76.705213,11.179518],[76.707144,11.178928],[76.708099,11.180139],[76.709193,11.182601],[76.709708,11.184917],[76.709869,11.187296],[76.711446,11.187864],[76.713098,11.188127],[76.715866,11.186001],[76.7174,11.185812],[76.719353,11.186412],[76.720576,11.187822],[76.721263,11.190474],[76.72313,11.191716],[76.724664,11.19179],[76.725979,11.191071],[76.728813,11.190917],[76.728945,11.193474],[76.725959,11.198275],[76.723905,11.200852],[76.722207,11.20361],[76.725264,11.207475],[76.72695,11.210517],[76.729022,11.2113],[76.729966,11.213032],[76.730809,11.213447],[76.731789,11.213632],[76.731565,11.215565],[76.727756,11.218572],[76.726161,11.218253],[76.725815,11.218681],[76.72577,11.224432],[76.725459,11.225558],[76.724825,11.22572],[76.721997,11.224549],[76.72094,11.224604],[76.720357,11.225406],[76.719628,11.227028],[76.714676,11.230967],[76.711032,11.231859],[76.710279,11.232914],[76.709135,11.235318],[76.707637,11.236887],[76.707194,11.238318],[76.701031,11.238867],[76.698276,11.239733],[76.694886,11.23834],[76.692486,11.236564],[76.690393,11.23645],[76.684219,11.233794],[76.68506,11.231298],[76.682816,11.230109],[76.684803,11.227723],[76.678242,11.221471],[76.674869,11.218947],[76.672787,11.219122],[76.670493,11.21815],[76.656134,11.209618],[76.653113,11.20999],[76.629715,11.194133],[76.600913,11.206543],[76.533847,11.196714],[76.516058,11.204307],[76.51048,11.211627],[76.500538,11.211422],[76.482801,11.210695],[76.472376,11.20875],[76.473469,11.194933],[76.46664,11.193309],[76.458448,11.187684],[76.451921,11.199224],[76.438624,11.19895],[76.439235,11.203008],[76.448992,11.205478],[76.450202,11.213434],[76.452084,11.232657],[76.453221,11.239431],[76.46615,11.245069],[76.473045,11.249372],[76.475806,11.251378],[76.486961,11.25823],[76.498564,11.263105],[76.501669,11.263275],[76.510599,11.267047],[76.522124,11.270643],[76.526065,11.287511],[76.536404,11.29309],[76.545522,11.299588],[76.539452,11.303672],[76.538264,11.308404],[76.537388,11.31361],[76.541747,11.320031],[76.549969,11.330236],[76.547228,11.344224],[76.547807,11.356177],[76.547735,11.358214],[76.508058,11.353472],[76.515043,11.358898],[76.51764,11.370785],[76.50032,11.375954],[76.499025,11.377258],[76.469868,11.384975],[76.461926,11.387485],[76.415205,11.422658],[76.418764,11.441766],[76.408726,11.438736],[76.397844,11.434718],[76.389609,11.440522],[76.378511,11.449105],[76.372971,11.451019],[76.372041,11.45337],[76.371155,11.454354],[76.348196,11.463269],[76.345635,11.464632],[76.342121,11.467483],[76.33902,11.463958],[76.338145,11.461789],[76.336122,11.461826],[76.330985,11.458273],[76.325437,11.453351],[76.319028,11.458236],[76.314928,11.460858],[76.31028,11.464177],[76.308779,11.464384],[76.3053,11.467759],[76.296375,11.465452],[76.294942,11.465704],[76.293587,11.465634],[76.291526,11.468535],[76.29058,11.469553],[76.292882,11.470351],[76.29396,11.473143],[76.287977,11.479666],[76.284438,11.482998],[76.28172,11.479558],[76.278352,11.479434],[76.275032,11.477169],[76.269901,11.477669],[76.268184,11.480235],[76.266488,11.480924],[76.264942,11.481028],[76.263497,11.4804],[76.247611,11.468507],[76.24984,11.498401],[76.251298,11.499422],[76.251654,11.500479],[76.25159,11.5018],[76.250655,11.503451],[76.248533,11.506379],[76.249157,11.512917],[76.248341,11.513974],[76.248147,11.516487],[76.245512,11.516584],[76.244628,11.517094],[76.243781,11.517974],[76.243489,11.519085],[76.242769,11.519227],[76.242514,11.521108],[76.238432,11.524799],[76.238742,11.526612],[76.239261,11.526466],[76.240464,11.527355],[76.240646,11.527897],[76.241544,11.527856],[76.242045,11.527086],[76.243266,11.527423],[76.243544,11.526689],[76.244109,11.526575],[76.244309,11.527113],[76.245152,11.527254],[76.247025,11.526885],[76.247626,11.527819],[76.250624,11.527596],[76.250952,11.528015],[76.250023,11.530084],[76.250506,11.531751],[76.250305,11.533674],[76.250919,11.535688],[76.250897,11.536772],[76.251881,11.537756],[76.251818,11.538111],[76.251198,11.538011],[76.250433,11.537127],[76.249959,11.536981],[76.249239,11.538695],[76.247759,11.540289],[76.246852,11.541073],[76.245442,11.540757],[76.245031,11.541994],[76.244087,11.542745],[76.24389,11.543269],[76.244227,11.544025],[76.245919,11.544998],[76.246515,11.546039],[76.245084,11.547788],[76.244117,11.548255],[76.243015,11.548353],[76.242114,11.550598],[76.242159,11.551151],[76.242797,11.551797],[76.2424,11.552801],[76.242706,11.553556],[76.243462,11.55382],[76.244355,11.553711],[76.244154,11.554103],[76.243134,11.554804],[76.242168,11.555142],[76.242186,11.556026],[76.241713,11.556098],[76.240965,11.555625],[76.240439,11.555759],[76.240382,11.556727],[76.239808,11.55813],[76.238951,11.558385],[76.238368,11.559251],[76.239024,11.560417],[76.238268,11.561156],[76.237585,11.561128],[76.236482,11.563042],[76.235656,11.566672],[76.233166,11.569171],[76.232947,11.569561],[76.233061,11.570409],[76.233678,11.570845],[76.234177,11.570951],[76.234405,11.572163],[76.235222,11.572351],[76.237977,11.574363],[76.239034,11.574632],[76.239252,11.57548],[76.240783,11.575762],[76.240961,11.576509],[76.242168,11.576714],[76.242355,11.577202],[76.243608,11.577739],[76.244236,11.577712],[76.244599,11.578418],[76.24513,11.578464],[76.249084,11.580154],[76.250321,11.581651],[76.251557,11.581811],[76.253576,11.583904],[76.255418,11.585413],[76.256107,11.586432],[76.257244,11.587211],[76.258187,11.588328],[76.260155,11.588683],[76.262779,11.590651],[76.26446,11.590676],[76.26493,11.593877],[76.274257,11.593513],[76.274686,11.596161],[76.278921,11.6009],[76.280763,11.598545],[76.286037,11.590276],[76.289086,11.590032],[76.291282,11.590396],[76.295146,11.590539],[76.295899,11.590417],[76.299083,11.582848],[76.299355,11.581165],[76.299384,11.578126],[76.299917,11.575053],[76.300911,11.572968],[76.302267,11.571266],[76.310526,11.577373],[76.316005,11.5765],[76.317087,11.580473],[76.318502,11.582667],[76.32137,11.586022],[76.324068,11.588335],[76.336021,11.595719],[76.33997,11.59332],[76.340441,11.591307],[76.340729,11.587984],[76.343926,11.588019],[76.347583,11.589191],[76.354208,11.589423],[76.358398,11.592225],[76.359907,11.593531],[76.367424,11.598307],[76.377511,11.601732],[76.378219,11.608542],[76.383865,11.611993],[76.383244,11.614902],[76.383106,11.616468],[76.383544,11.624401],[76.385436,11.626352],[76.38824,11.629795],[76.396501,11.631599],[76.406344,11.634223],[76.426323,11.63296],[76.430286,11.630101],[76.432679,11.631493],[76.435082,11.635823],[76.440978,11.64028],[76.443532,11.644735],[76.439573,11.652269],[76.435893,11.656494],[76.433307,11.66077],[76.432663,11.663523],[76.431279,11.666076],[76.429563,11.666539],[76.428474,11.669932],[76.427009,11.670077],[76.426548,11.671116],[76.423497,11.671466],[76.422795,11.671174],[76.422062,11.671388],[76.420824,11.672381],[76.420536,11.672258],[76.419706,11.671169],[76.419091,11.670825],[76.415732,11.672535],[76.414945,11.674934],[76.41546,11.676216],[76.414372,11.676935],[76.414164,11.678844],[76.413383,11.679498],[76.413164,11.680198],[76.414033,11.681753],[76.412635,11.682099],[76.412134,11.682766],[76.412842,11.685356],[76.412633,11.686312],[76.411501,11.686412],[76.411015,11.686838],[76.411096,11.68734],[76.410349,11.688008],[76.409946,11.687724],[76.409013,11.687695],[76.408271,11.68912],[76.408416,11.689643],[76.409668,11.690573],[76.40972,11.692464],[76.411624,11.695253],[76.41115,11.696583],[76.411296,11.697398],[76.410626,11.697918],[76.409533,11.698259],[76.409419,11.698633],[76.410275,11.699116],[76.41038,11.69954],[76.409492,11.700615],[76.408598,11.702606]]]}}]}